testID,benchName,base,peak
cpu2000-19991130-00003,255.vortex,148,
cpu2000-19991130-00005,255.vortex,207,
cpu2000-19991130-00007,255.vortex,537,535
cpu2000-19991130-00009,255.vortex,203,
cpu2000-19991130-00011,255.vortex,400,400
cpu2000-19991130-00013,255.vortex,552,556
cpu2000-19991130-00015,255.vortex,226,
cpu2000-19991130-00017,255.vortex,173,
cpu2000-19991130-00019,255.vortex,554,
cpu2000-19991130-00021,255.vortex,355,412
cpu2000-19991130-00025,255.vortex,523,
cpu2000-19991130-00027,255.vortex,555,
cpu2000-20000107-00030,255.vortex,554,
cpu2000-20000125-00032,255.vortex,226,228
cpu2000-20000125-00034,255.vortex,302,302
cpu2000-20000125-00040,255.vortex,297,297
cpu2000-20000125-00042,255.vortex,303,304
cpu2000-20000313-00044,255.vortex,689,724
cpu2000-20000314-00051,255.vortex,697,714
cpu2000-20000314-00053,255.vortex,591,606
cpu2000-20000314-00056,255.vortex,552,567
cpu2000-20000314-00058,255.vortex,513,526
cpu2000-20000314-00060,255.vortex,493,507
cpu2000-20000314-00062,255.vortex,526,539
cpu2000-20000314-00064,255.vortex,553,566
cpu2000-20000314-00066,255.vortex,581,595
cpu2000-20000327-00072,255.vortex,597,613
cpu2000-20000327-00074,255.vortex,634,650
cpu2000-20000505-00082,255.vortex,217,247
cpu2000-20000505-00083,255.vortex,217,247
cpu2000-20000505-00087,255.vortex,244,279
cpu2000-20000508-00093,255.vortex,98.7,
cpu2000-20000509-00095,255.vortex,294,537
cpu2000-20000511-00103,255.vortex,414,521
cpu2000-20000604-00117,255.vortex,261,467
cpu2000-20000612-00124,255.vortex,103,120
cpu2000-20000619-00125,255.vortex,667,685
cpu2000-20000629-00130,255.vortex,414,521
cpu2000-20000630-00134,255.vortex,477,476
cpu2000-20000630-00145,255.vortex,250,268
cpu2000-20000630-00151,255.vortex,585,578
cpu2000-20000630-00152,255.vortex,677,676
cpu2000-20000704-00156,255.vortex,706,715
cpu2000-20000704-00159,255.vortex,670,679
cpu2000-20000704-00161,255.vortex,634,642
cpu2000-20000704-00163,255.vortex,604,611
cpu2000-20000704-00165,255.vortex,597,606
cpu2000-20000718-00168,255.vortex,710,719
cpu2000-20000801-00172,255.vortex,770,779
cpu2000-20000810-00176,255.vortex,304,375
cpu2000-20000828-00186,255.vortex,706,724
cpu2000-20000911-00192,255.vortex,268,289
cpu2000-20000911-00198,255.vortex,262,287
cpu2000-20000911-00200,255.vortex,312,342
cpu2000-20000911-00206,255.vortex,262,287
cpu2000-20000911-00212,255.vortex,268,289
cpu2000-20000911-00219,255.vortex,581,698
cpu2000-20000911-00223,255.vortex,402,474
cpu2000-20000911-00227,255.vortex,498,594
cpu2000-20000911-00232,255.vortex,298,545
cpu2000-20001020-00268,255.vortex,262,342
cpu2000-20001023-00277,255.vortex,673,763
cpu2000-20001105-00282,255.vortex,775,816
cpu2000-20001106-00295,255.vortex,403,403
cpu2000-20001106-00300,255.vortex,571,622
cpu2000-20001106-00303,255.vortex,746,803
cpu2000-20001106-00305,255.vortex,764,820
cpu2000-20001121-00332,255.vortex,735,756
cpu2000-20001121-00347,255.vortex,699,719
cpu2000-20001122-00391,255.vortex,598,609
cpu2000-20001122-00394,255.vortex,707,718
cpu2000-20001122-00395,255.vortex,635,646
cpu2000-20001122-00397,255.vortex,675,687
cpu2000-20001129-00406,255.vortex,696,725
cpu2000-20001129-00407,255.vortex,726,755
cpu2000-20001129-00408,255.vortex,717,731
cpu2000-20001129-00409,255.vortex,567,578
cpu2000-20001129-00410,255.vortex,608,618
cpu2000-20001129-00411,255.vortex,642,654
cpu2000-20001129-00412,255.vortex,681,693
cpu2000-20001204-00415,255.vortex,414,521
cpu2000-20001204-00426,255.vortex,702,731
cpu2000-20001204-00428,255.vortex,733,764
cpu2000-20001214-00429,255.vortex,767,786
cpu2000-20001222-00431,255.vortex,487,590
cpu2000-20001222-00436,255.vortex,707,742
cpu2000-20010212-00450,255.vortex,658,686
cpu2000-20010213-00452,255.vortex,570,589
cpu2000-20010213-00453,255.vortex,504,520
cpu2000-20010213-00454,255.vortex,409,421
cpu2000-20010213-00455,255.vortex,508,524
cpu2000-20010213-00456,255.vortex,412,423
cpu2000-20010213-00457,255.vortex,491,496
cpu2000-20010213-00458,255.vortex,458,469
cpu2000-20010213-00459,255.vortex,396,409
cpu2000-20010226-00463,255.vortex,396,409
cpu2000-20010226-00464,255.vortex,491,496
cpu2000-20010226-00465,255.vortex,412,423
cpu2000-20010226-00466,255.vortex,508,524
cpu2000-20010226-00467,255.vortex,504,520
cpu2000-20010226-00468,255.vortex,458,469
cpu2000-20010226-00469,255.vortex,570,589
cpu2000-20010306-00490,255.vortex,238,290
cpu2000-20010306-00491,255.vortex,279,332
cpu2000-20010308-00510,255.vortex,391,455
cpu2000-20010309-00518,255.vortex,512,582
cpu2000-20010311-00523,255.vortex,753,793
cpu2000-20010311-00525,255.vortex,807,851
cpu2000-20010406-00548,255.vortex,302,330
cpu2000-20010406-00555,255.vortex,302,330
cpu2000-20010423-00585,255.vortex,571,651
cpu2000-20010423-00589,255.vortex,812,848
cpu2000-20010424-00592,255.vortex,585,600
cpu2000-20010424-00596,255.vortex,608,619
cpu2000-20010424-00601,255.vortex,712,757
cpu2000-20010424-00606,255.vortex,1056,1120
cpu2000-20010424-00608,255.vortex,1051,1118
cpu2000-20010507-00615,255.vortex,805,846
cpu2000-20010507-00619,255.vortex,730,771
cpu2000-20010507-00623,255.vortex,662,700
cpu2000-20010507-00626,255.vortex,801,846
cpu2000-20010507-00629,255.vortex,728,772
cpu2000-20010507-00632,255.vortex,693,731
cpu2000-20010507-00633,255.vortex,656,691
cpu2000-20010516-00640,255.vortex,302,330
cpu2000-20010516-00644,255.vortex,302,330
cpu2000-20010519-00650,255.vortex,828,870
cpu2000-20010519-00651,255.vortex,764,796
cpu2000-20010604-00683,255.vortex,683,783
cpu2000-20010618-00702,255.vortex,752,852
cpu2000-20010618-00703,255.vortex,752,852
cpu2000-20010618-00704,255.vortex,752,852
cpu2000-20010618-00714,255.vortex,699,779
cpu2000-20010629-00728,255.vortex,490,582
cpu2000-20010629-00737,255.vortex,496,592
cpu2000-20010702-00742,255.vortex,832,885
cpu2000-20010711-00748,255.vortex,847,882
cpu2000-20010711-00750,255.vortex,776,810
cpu2000-20010716-00753,255.vortex,569,643
cpu2000-20010718-00761,255.vortex,397,469
cpu2000-20010718-00763,255.vortex,493,591
cpu2000-20010718-00765,255.vortex,575,690
cpu2000-20010718-00773,255.vortex,487,579
cpu2000-20010730-00776,255.vortex,552,552
cpu2000-20010802-00778,255.vortex,505,505
cpu2000-20010809-00783,255.vortex,360,439
cpu2000-20010809-00789,255.vortex,360,439
cpu2000-20010814-00799,255.vortex,563,588
cpu2000-20010814-00800,255.vortex,601,626
cpu2000-20010814-00801,255.vortex,599,621
cpu2000-20010827-00806,255.vortex,563,588
cpu2000-20010827-00808,255.vortex,601,626
cpu2000-20010827-00810,255.vortex,599,621
cpu2000-20010827-00812,255.vortex,845,914
cpu2000-20010827-00814,255.vortex,871,908
cpu2000-20010827-00816,255.vortex,840,876
cpu2000-20010827-00818,255.vortex,810,849
cpu2000-20010827-00820,255.vortex,774,809
cpu2000-20010827-00822,255.vortex,745,781
cpu2000-20010827-00824,255.vortex,708,744
cpu2000-20010827-00826,255.vortex,664,701
cpu2000-20010827-00827,255.vortex,638,668
cpu2000-20010827-00830,255.vortex,716,727
cpu2000-20010827-00832,255.vortex,673,685
cpu2000-20010827-00834,255.vortex,680,692
cpu2000-20010827-00842,255.vortex,472,
cpu2000-20010827-00846,255.vortex,563,661
cpu2000-20010828-00849,255.vortex,602,614
cpu2000-20010828-00852,255.vortex,656,668
cpu2000-20010828-00854,255.vortex,732,744
cpu2000-20010907-00864,255.vortex,731,748
cpu2000-20010909-00868,255.vortex,688,711
cpu2000-20010910-00869,255.vortex,688,711
cpu2000-20010911-00894,255.vortex,930,981
cpu2000-20010911-00899,255.vortex,459,459
cpu2000-20011008-00983,255.vortex,750,793
cpu2000-20011008-00985,255.vortex,820,867
cpu2000-20011008-00987,255.vortex,857,903
cpu2000-20011008-00989,255.vortex,882,926
cpu2000-20011008-00993,255.vortex,750,787
cpu2000-20011008-00997,255.vortex,819,863
cpu2000-20011008-01001,255.vortex,879,928
cpu2000-20011008-01003,255.vortex,925,935
cpu2000-20011008-01005,255.vortex,956,966
cpu2000-20011008-01007,255.vortex,980,993
cpu2000-20011008-01009,255.vortex,978,988
cpu2000-20011008-01011,255.vortex,927,935
cpu2000-20011008-01018,255.vortex,848,856
cpu2000-20011008-01020,255.vortex,879,887
cpu2000-20011008-01026,255.vortex,846,856
cpu2000-20011008-01028,255.vortex,877,888
cpu2000-20011022-01034,255.vortex,699,726
cpu2000-20011022-01036,255.vortex,696,721
cpu2000-20011022-01046,255.vortex,844,953
cpu2000-20011022-01051,255.vortex,535,616
cpu2000-20011022-01057,255.vortex,1017,1027
cpu2000-20011022-01061,255.vortex,699,726
cpu2000-20011022-01065,255.vortex,696,721
cpu2000-20011023-01071,255.vortex,931,981
cpu2000-20011023-01079,255.vortex,837,884
cpu2000-20011023-01088,255.vortex,836,883
cpu2000-20011023-01095,255.vortex,485,
cpu2000-20011023-01096,255.vortex,466,
cpu2000-20011105-01099,255.vortex,738,943
cpu2000-20011105-01104,255.vortex,1246,1246
cpu2000-20011105-01107,255.vortex,248,313
cpu2000-20011105-01108,255.vortex,248,313
cpu2000-20011105-01111,255.vortex,297,376
cpu2000-20011105-01112,255.vortex,297,376
cpu2000-20011105-01115,255.vortex,297,376
cpu2000-20011105-01118,255.vortex,297,376
cpu2000-20011119-01122,255.vortex,649,827
cpu2000-20011119-01130,255.vortex,502,630
cpu2000-20011119-01134,255.vortex,451,581
cpu2000-20011119-01138,255.vortex,647,787
cpu2000-20011221-01155,255.vortex,897,959
cpu2000-20020102-01160,255.vortex,924,937
cpu2000-20020102-01165,255.vortex,1089,1119
cpu2000-20020114-01173,255.vortex,1023,1086
cpu2000-20020114-01177,255.vortex,1101,1167
cpu2000-20020114-01179,255.vortex,1018,1083
cpu2000-20020114-01183,255.vortex,1098,1165
cpu2000-20020114-01186,255.vortex,1249,1269
cpu2000-20020114-01188,255.vortex,1171,1192
cpu2000-20020114-01190,255.vortex,1001,1018
cpu2000-20020114-01192,255.vortex,974,990
cpu2000-20020114-01194,255.vortex,942,958
cpu2000-20020114-01196,255.vortex,906,926
cpu2000-20020114-01197,255.vortex,871,893
cpu2000-20020114-01200,255.vortex,833,853
cpu2000-20020114-01202,255.vortex,1089,1100
cpu2000-20020115-01207,255.vortex,1010,1038
cpu2000-20020115-01210,255.vortex,811,813
cpu2000-20020115-01211,255.vortex,811,813
cpu2000-20020118-01213,255.vortex,297,376
cpu2000-20020125-01219,255.vortex,1092,1203
cpu2000-20020125-01221,255.vortex,1172,1283
cpu2000-20020125-01222,255.vortex,1089,1204
cpu2000-20020125-01224,255.vortex,1170,1287
cpu2000-20020128-01226,255.vortex,289,367
cpu2000-20020128-01232,255.vortex,973,1022
cpu2000-20020128-01236,255.vortex,715,738
cpu2000-20020207-01238,255.vortex,218,275
cpu2000-20020207-01242,255.vortex,218,275
cpu2000-20020211-01260,255.vortex,679,760
cpu2000-20020212-01263,255.vortex,1004,1072
cpu2000-20020225-01268,255.vortex,355,365
cpu2000-20020311-01270,255.vortex,989,1014
cpu2000-20020311-01276,255.vortex,323,332
cpu2000-20020401-01279,255.vortex,1317,1347
cpu2000-20020405-01280,255.vortex,416,454
cpu2000-20020405-01284,255.vortex,416,454
cpu2000-20020405-01288,255.vortex,416,454
cpu2000-20020405-01292,255.vortex,416,454
cpu2000-20020408-01297,255.vortex,1030,1063
cpu2000-20020415-01300,255.vortex,652,724
cpu2000-20020422-01307,255.vortex,1186,1247
cpu2000-20020422-01326,255.vortex,1089,1157
cpu2000-20020429-01342,255.vortex,1213,1307
cpu2000-20020430-01348,255.vortex,1217,1418
cpu2000-20020430-01350,255.vortex,1170,1351
cpu2000-20020506-01357,255.vortex,1429,1454
cpu2000-20020506-01359,255.vortex,1378,1404
cpu2000-20020506-01360,255.vortex,1327,1348
cpu2000-20020520-01377,255.vortex,1338,1456
cpu2000-20020524-01383,255.vortex,670,855
cpu2000-20020531-01385,255.vortex,607,807
cpu2000-20020603-01397,255.vortex,1100,1120
cpu2000-20020603-01403,255.vortex,994,1017
cpu2000-20020603-01406,255.vortex,994,1017
cpu2000-20020607-01409,255.vortex,641,852
cpu2000-20020617-01416,255.vortex,225,225
cpu2000-20020617-01418,255.vortex,311,311
cpu2000-20020617-01420,255.vortex,379,379
cpu2000-20020701-01429,255.vortex,683,960
cpu2000-20020701-01430,255.vortex,809,1145
cpu2000-20020701-01432,255.vortex,795,1116
cpu2000-20020701-01434,255.vortex,785,1087
cpu2000-20020701-01436,255.vortex,632,882
cpu2000-20020701-01438,255.vortex,665,959
cpu2000-20020701-01441,255.vortex,1157,1174
cpu2000-20020708-01457,255.vortex,632,882
cpu2000-20020708-01459,255.vortex,683,960
cpu2000-20020708-01461,255.vortex,785,1087
cpu2000-20020708-01463,255.vortex,809,1145
cpu2000-20020708-01465,255.vortex,795,1116
cpu2000-20020711-01467,255.vortex,1184,
cpu2000-20020711-01469,255.vortex,1193,
cpu2000-20020715-01486,255.vortex,1011,
cpu2000-20020715-01487,255.vortex,1187,
cpu2000-20020715-01490,255.vortex,989,988
cpu2000-20020715-01491,255.vortex,989,988
cpu2000-20020729-01494,255.vortex,663,743
cpu2000-20020801-01520,255.vortex,852,956
cpu2000-20020812-01546,255.vortex,1096,1126
cpu2000-20020812-01548,255.vortex,1244,1252
cpu2000-20020812-01551,255.vortex,1342,1302
cpu2000-20020813-01555,255.vortex,339,436
cpu2000-20020813-01557,255.vortex,293,380
cpu2000-20020827-01581,255.vortex,1606,1607
cpu2000-20020827-01583,255.vortex,1556,1555
cpu2000-20020827-01585,255.vortex,1541,1531
cpu2000-20020827-01587,255.vortex,1485,1475
cpu2000-20020827-01589,255.vortex,1424,1413
cpu2000-20020827-01591,255.vortex,1372,1363
cpu2000-20020827-01593,255.vortex,1278,1269
cpu2000-20020827-01595,255.vortex,1095,1086
cpu2000-20020827-01597,255.vortex,1057,1048
cpu2000-20020827-01599,255.vortex,1019,1013
cpu2000-20020827-01601,255.vortex,983,973
cpu2000-20020827-01603,255.vortex,943,936
cpu2000-20020827-01605,255.vortex,898,892
cpu2000-20020909-01624,255.vortex,1148,1214
cpu2000-20020909-01625,255.vortex,1339,1394
cpu2000-20020909-01627,255.vortex,1237,1299
cpu2000-20020909-01631,255.vortex,1393,1457
cpu2000-20020909-01633,255.vortex,1423,1473
cpu2000-20020909-01635,255.vortex,1399,1424
cpu2000-20020909-01639,255.vortex,1473,1524
cpu2000-20020909-01641,255.vortex,1326,1368
cpu2000-20020923-01647,255.vortex,920,978
cpu2000-20020923-01662,255.vortex,1028,1089
cpu2000-20020923-01668,255.vortex,1112,1171
cpu2000-20020923-01674,255.vortex,1195,1253
cpu2000-20020923-01680,255.vortex,1273,1325
cpu2000-20020923-01689,255.vortex,1379,1437
cpu2000-20020923-01691,255.vortex,1417,1473
cpu2000-20020927-01699,255.vortex,701,719
cpu2000-20020927-01701,255.vortex,967,988
cpu2000-20021004-01703,255.vortex,709,927
cpu2000-20021004-01707,255.vortex,1196,1277
cpu2000-20021004-01710,255.vortex,1191,1266
cpu2000-20021007-01713,255.vortex,1481,1473
cpu2000-20021007-01715,255.vortex,1549,1540
cpu2000-20021007-01717,255.vortex,1611,1603
cpu2000-20021007-01719,255.vortex,1625,1626
cpu2000-20021007-01721,255.vortex,1683,1683
cpu2000-20021021-01742,255.vortex,1118,1307
cpu2000-20021021-01749,255.vortex,1284,1379
cpu2000-20021104-01757,255.vortex,1158,1309
cpu2000-20021104-01765,255.vortex,1052,1151
cpu2000-20021104-01766,255.vortex,1052,1151
cpu2000-20021104-01767,255.vortex,1052,1151
cpu2000-20021108-01784,255.vortex,1451,1547
cpu2000-20021108-01791,255.vortex,1337,1398
cpu2000-20021108-01794,255.vortex,1342,1476
cpu2000-20021108-01801,255.vortex,1462,1519
cpu2000-20021108-01804,255.vortex,1544,1587
cpu2000-20021111-01814,255.vortex,1428,1434
cpu2000-20021111-01818,255.vortex,1074,1083
cpu2000-20021111-01822,255.vortex,1264,1271
cpu2000-20021113-01827,255.vortex,1658,1685
cpu2000-20021114-01833,255.vortex,1574,1616
cpu2000-20021118-01838,255.vortex,1174,1212
cpu2000-20021119-01863,255.vortex,1021,1021
cpu2000-20021119-01865,255.vortex,1016,1016
cpu2000-20021121-01871,255.vortex,704,945
cpu2000-20021202-01875,255.vortex,1799,1796
cpu2000-20021202-01879,255.vortex,994,994
cpu2000-20030113-01900,255.vortex,947,1041
cpu2000-20030113-01908,255.vortex,947,1041
cpu2000-20030113-01918,255.vortex,1094,1201
cpu2000-20030210-01945,255.vortex,1242,1272
cpu2000-20030217-01947,255.vortex,1360,1363
cpu2000-20030217-01949,255.vortex,1360,1363
cpu2000-20030224-01955,255.vortex,1581,1634
cpu2000-20030224-01956,255.vortex,747,839
cpu2000-20030224-01964,255.vortex,1608,1614
cpu2000-20030225-01965,255.vortex,1240,1742
cpu2000-20030310-01973,255.vortex,1112,1138
cpu2000-20030326-01999,255.vortex,997,1131
cpu2000-20030331-02002,255.vortex,992,1121
cpu2000-20030331-02006,255.vortex,992,1121
cpu2000-20030331-02010,255.vortex,778,883
cpu2000-20030331-02014,255.vortex,773,876
cpu2000-20030404-02021,255.vortex,1501,1580
cpu2000-20030407-02034,255.vortex,1182,1301
cpu2000-20030407-02040,255.vortex,1373,1499
cpu2000-20030407-02046,255.vortex,1552,1683
cpu2000-20030407-02052,255.vortex,1495,1626
cpu2000-20030407-02060,255.vortex,1666,1799
cpu2000-20030407-02064,255.vortex,1125,
cpu2000-20030407-02066,255.vortex,882,
cpu2000-20030407-02068,255.vortex,882,
cpu2000-20030407-02070,255.vortex,1050,
cpu2000-20030407-02072,255.vortex,1050,
cpu2000-20030408-02076,255.vortex,1146,1147
cpu2000-20030408-02077,255.vortex,1146,1147
cpu2000-20030421-02087,255.vortex,1430,1478
cpu2000-20030421-02090,255.vortex,1098,
cpu2000-20030421-02093,255.vortex,1192,
cpu2000-20030421-02096,255.vortex,1139,
cpu2000-20030421-02097,255.vortex,1453,1494
cpu2000-20030421-02102,255.vortex,1561,1561
cpu2000-20030421-02103,255.vortex,1384,1384
cpu2000-20030421-02108,255.vortex,1735,1735
cpu2000-20030422-02130,255.vortex,1224,1224
cpu2000-20030422-02131,255.vortex,1539,1539
cpu2000-20030422-02132,255.vortex,1623,1623
cpu2000-20030422-02133,255.vortex,1838,1838
cpu2000-20030422-02134,255.vortex,1715,1715
cpu2000-20030422-02135,255.vortex,1926,1926
cpu2000-20030505-02136,255.vortex,1663,1675
cpu2000-20030505-02139,255.vortex,1466,1477
cpu2000-20030505-02141,255.vortex,1652,1655
cpu2000-20030505-02143,255.vortex,1454,1446
cpu2000-20030505-02154,255.vortex,1693,1677
cpu2000-20030506-02171,255.vortex,1339,1780
cpu2000-20030506-02172,255.vortex,1017,1335
cpu2000-20030506-02174,255.vortex,1018,1346
cpu2000-20030506-02176,255.vortex,1107,1488
cpu2000-20030519-02182,255.vortex,980,980
cpu2000-20030520-02193,255.vortex,1269,1666
cpu2000-20030527-02194,255.vortex,1155,1182
cpu2000-20030527-02195,255.vortex,1155,1182
cpu2000-20030527-02202,255.vortex,896,
cpu2000-20030527-02204,255.vortex,896,
cpu2000-20030616-02232,255.vortex,1554,1554
cpu2000-20030616-02241,255.vortex,1263,1263
cpu2000-20030616-02246,255.vortex,1400,1400
cpu2000-20030616-02247,255.vortex,1536,1536
cpu2000-20030616-02249,255.vortex,1578,1578
cpu2000-20030616-02251,255.vortex,1630,1630
cpu2000-20030616-02253,255.vortex,1676,1676
cpu2000-20030616-02255,255.vortex,1724,1724
cpu2000-20030616-02257,255.vortex,1771,1771
cpu2000-20030616-02259,255.vortex,1810,1810
cpu2000-20030616-02261,255.vortex,1877,1877
cpu2000-20030616-02263,255.vortex,1894,1894
cpu2000-20030616-02265,255.vortex,1955,1955
cpu2000-20030616-02267,255.vortex,862,975
cpu2000-20030617-02275,255.vortex,1350,1781
cpu2000-20030620-02291,255.vortex,818,938
cpu2000-20030623-02296,255.vortex,962,992
cpu2000-20030623-02298,255.vortex,1388,1407
cpu2000-20030630-02308,255.vortex,1794,1794
cpu2000-20030630-02332,255.vortex,1995,1995
cpu2000-20030630-02338,255.vortex,1598,1800
cpu2000-20030630-02339,255.vortex,1455,1475
cpu2000-20030630-02350,255.vortex,1595,1799
cpu2000-20030630-02360,255.vortex,1457,1479
cpu2000-20030701-02362,255.vortex,2018,2018
cpu2000-20030701-02367,255.vortex,1755,1755
cpu2000-20030709-02370,255.vortex,1357,1357
cpu2000-20030711-02384,255.vortex,1738,1775
cpu2000-20030711-02386,255.vortex,1932,1932
cpu2000-20030711-02389,255.vortex,1944,1944
cpu2000-20030714-02393,255.vortex,1097,1089
cpu2000-20030714-02398,255.vortex,1635,1635
cpu2000-20030714-02407,255.vortex,1829,1829
cpu2000-20030715-02410,255.vortex,1940,1940
cpu2000-20030725-02414,255.vortex,2024,2094
cpu2000-20030728-02415,255.vortex,1260,
cpu2000-20030728-02419,255.vortex,859,965
cpu2000-20030728-02427,255.vortex,1934,1934
cpu2000-20030821-02435,255.vortex,969,1106
cpu2000-20030823-02441,255.vortex,1284,1425
cpu2000-20030825-02445,255.vortex,1508,1396
cpu2000-20030825-02451,255.vortex,1641,1596
cpu2000-20030905-02458,255.vortex,1265,1265
cpu2000-20030908-02465,255.vortex,1284,1422
cpu2000-20030908-02469,255.vortex,1981,
cpu2000-20030908-02471,255.vortex,2007,2007
cpu2000-20030908-02472,255.vortex,2147,2147
cpu2000-20030908-02478,255.vortex,1837,1842
cpu2000-20030908-02486,255.vortex,1831,1834
cpu2000-20030908-02494,255.vortex,1767,1766
cpu2000-20030908-02502,255.vortex,1659,1828
cpu2000-20030916-02505,255.vortex,966,1081
cpu2000-20030916-02509,255.vortex,1053,1171
cpu2000-20030921-02512,255.vortex,1250,
cpu2000-20030922-02516,255.vortex,1978,1978
cpu2000-20030922-02519,255.vortex,1323,1460
cpu2000-20030922-02520,255.vortex,1427,1427
cpu2000-20030922-02521,255.vortex,2343,2343
cpu2000-20030922-02523,255.vortex,2752,2752
cpu2000-20030922-02524,255.vortex,2137,2137
cpu2000-20030922-02525,255.vortex,1794,1794
cpu2000-20030922-02526,255.vortex,2025,2025
cpu2000-20030922-02527,255.vortex,2125,2125
cpu2000-20030922-02528,255.vortex,1909,1909
cpu2000-20030922-02529,255.vortex,2239,2239
cpu2000-20030922-02530,255.vortex,2302,2302
cpu2000-20030922-02539,255.vortex,2040,2040
cpu2000-20031006-02543,255.vortex,1917,1923
cpu2000-20031006-02549,255.vortex,1910,1912
cpu2000-20031017-02563,255.vortex,1882,1882
cpu2000-20031017-02570,255.vortex,1872,1872
cpu2000-20031017-02578,255.vortex,1928,1928
cpu2000-20031020-02581,255.vortex,1918,1919
cpu2000-20031027-02599,255.vortex,967,1082
cpu2000-20031103-02615,255.vortex,2251,2251
cpu2000-20031103-02616,255.vortex,2739,2739
cpu2000-20031103-02618,255.vortex,2336,2336
cpu2000-20031117-02620,255.vortex,1921,1970
cpu2000-20031117-02626,255.vortex,2182,2182
cpu2000-20031117-02631,255.vortex,1646,1830
cpu2000-20031117-02636,255.vortex,1851,1858
cpu2000-20031117-02648,255.vortex,1601,1639
cpu2000-20031117-02654,255.vortex,1594,1627
cpu2000-20031201-02670,255.vortex,1576,1768
cpu2000-20031201-02672,255.vortex,2050,2050
cpu2000-20031217-02682,255.vortex,1727,1727
cpu2000-20031226-02685,255.vortex,1310,1730
cpu2000-20031226-02691,255.vortex,1321,1739
cpu2000-20031229-02695,255.vortex,1579,
cpu2000-20031229-02701,255.vortex,1613,
cpu2000-20040112-02710,255.vortex,1060,1170
cpu2000-20040116-02713,255.vortex,936,1051
cpu2000-20040126-02725,255.vortex,1667,1687
cpu2000-20040126-02763,255.vortex,2125,2125
cpu2000-20040126-02765,255.vortex,2028,2028
cpu2000-20040126-02767,255.vortex,2243,2243
cpu2000-20040126-02769,255.vortex,2365,2365
cpu2000-20040126-02771,255.vortex,2305,2305
cpu2000-20040126-02774,255.vortex,1616,1628
cpu2000-20040126-02775,255.vortex,1950,1965
cpu2000-20040126-02784,255.vortex,1929,1929
cpu2000-20040126-02790,255.vortex,2165,2165
cpu2000-20040126-02796,255.vortex,2393,2393
cpu2000-20040126-02802,255.vortex,2574,2574
cpu2000-20040129-02807,255.vortex,1466,1761
cpu2000-20040130-02812,255.vortex,1676,2039
cpu2000-20040206-02818,255.vortex,2069,2069
cpu2000-20040206-02825,255.vortex,2084,2084
cpu2000-20040208-02828,255.vortex,2488,2488
cpu2000-20040209-02835,255.vortex,1217,1217
cpu2000-20040209-02840,255.vortex,2467,2467
cpu2000-20040209-02846,255.vortex,1198,1207
cpu2000-20040209-02852,255.vortex,1453,1453
cpu2000-20040209-02854,255.vortex,1941,1941
cpu2000-20040209-02859,255.vortex,2626,2626
cpu2000-20040209-02862,255.vortex,2300,2300
cpu2000-20040210-02867,255.vortex,2450,2450
cpu2000-20040210-02869,255.vortex,2321,2321
cpu2000-20040210-02871,255.vortex,2196,2196
cpu2000-20040210-02872,255.vortex,2862,2862
cpu2000-20040210-02875,255.vortex,2416,2416
cpu2000-20040217-02883,255.vortex,2502,2502
cpu2000-20040217-02885,255.vortex,2247,2247
cpu2000-20040219-02888,255.vortex,1969,1969
cpu2000-20040224-02896,255.vortex,1957,
cpu2000-20040224-02898,255.vortex,2438,2438
cpu2000-20040224-02900,255.vortex,2312,2312
cpu2000-20040224-02902,255.vortex,2187,2187
cpu2000-20040224-02904,255.vortex,2441,2441
cpu2000-20040224-02907,255.vortex,2892,2892
cpu2000-20040312-02920,255.vortex,2062,2062
cpu2000-20040312-02921,255.vortex,1964,1964
cpu2000-20040315-02922,255.vortex,2290,2290
cpu2000-20040315-02926,255.vortex,2188,1633
cpu2000-20040322-02927,255.vortex,2404,2357
cpu2000-20040329-02938,255.vortex,1489,1489
cpu2000-20040405-02945,255.vortex,2483,2422
cpu2000-20040406-02961,255.vortex,2552,2552
cpu2000-20040419-02982,255.vortex,2207,2367
cpu2000-20040503-02992,255.vortex,1742,
cpu2000-20040503-02999,255.vortex,1559,1687
cpu2000-20040503-03003,255.vortex,2512,2363
cpu2000-20040506-03011,255.vortex,2468,2415
cpu2000-20040510-03014,255.vortex,2839,2839
cpu2000-20040514-03018,255.vortex,1737,1737
cpu2000-20040514-03022,255.vortex,2466,2466
cpu2000-20040514-03025,255.vortex,2477,2477
cpu2000-20040518-03044,255.vortex,2160,2535
cpu2000-20040518-03050,255.vortex,2158,2534
cpu2000-20040525-03060,255.vortex,1863,2006
cpu2000-20040528-03064,255.vortex,1436,1843
cpu2000-20040528-03068,255.vortex,1553,1923
cpu2000-20040614-03077,255.vortex,2806,2806
cpu2000-20040614-03079,255.vortex,2473,2473
cpu2000-20040614-03081,255.vortex,2348,2348
cpu2000-20040614-03091,255.vortex,2469,2407
cpu2000-20040621-03122,255.vortex,823,909
cpu2000-20040621-03125,255.vortex,2850,2850
cpu2000-20040621-03127,255.vortex,2632,2632
cpu2000-20040621-03129,255.vortex,2284,2284
cpu2000-20040622-03132,255.vortex,1085,1221
cpu2000-20040622-03141,255.vortex,1085,1221
cpu2000-20040622-03150,255.vortex,1227,1380
cpu2000-20040624-03165,255.vortex,2531,2531
cpu2000-20040628-03166,255.vortex,2542,2542
cpu2000-20040628-03181,255.vortex,2565,2474
cpu2000-20040628-03190,255.vortex,2363,2363
cpu2000-20040628-03192,255.vortex,2367,2367
cpu2000-20040628-03194,255.vortex,1928,1928
cpu2000-20040628-03196,255.vortex,1905,1905
cpu2000-20040629-03215,255.vortex,2454,2454
cpu2000-20040629-03219,255.vortex,2281,2281
cpu2000-20040708-03228,255.vortex,2357,2357
cpu2000-20040714-03270,255.vortex,2475,2475
cpu2000-20040726-03279,255.vortex,2594,2603
cpu2000-20040727-03285,255.vortex,2715,2715
cpu2000-20040727-03291,255.vortex,2359,2362
cpu2000-20040729-03303,255.vortex,2270,2270
cpu2000-20040804-03311,255.vortex,1898,2019
cpu2000-20040804-03312,255.vortex,1896,2014
cpu2000-20040804-03314,255.vortex,2191,2329
cpu2000-20040809-03329,255.vortex,2602,2602
cpu2000-20040809-03339,255.vortex,2532,2532
cpu2000-20040809-03345,255.vortex,2468,2468
cpu2000-20040820-03352,255.vortex,1898,2019
cpu2000-20040820-03356,255.vortex,1896,2014
cpu2000-20040823-03362,255.vortex,2393,2393
cpu2000-20040905-03374,255.vortex,2498,2653
cpu2000-20040905-03382,255.vortex,2387,2545
cpu2000-20040920-03391,255.vortex,2650,2874
cpu2000-20040922-03397,255.vortex,2283,2283
cpu2000-20040927-03401,255.vortex,2338,2338
cpu2000-20041004-03411,255.vortex,1990,2134
cpu2000-20041004-03427,255.vortex,2454,2457
cpu2000-20041004-03433,255.vortex,2719,2723
cpu2000-20041011-03436,255.vortex,1578,1687
cpu2000-20041014-03442,255.vortex,2129,2265
cpu2000-20041014-03447,255.vortex,1846,1967
cpu2000-20041018-03448,255.vortex,1762,1762
cpu2000-20041025-03456,255.vortex,1967,2101
cpu2000-20041101-03468,255.vortex,2031,
cpu2000-20041101-03473,255.vortex,2228,2228
cpu2000-20041101-03474,255.vortex,2156,2156
cpu2000-20041101-03475,255.vortex,2373,2373
cpu2000-20041101-03490,255.vortex,2514,2514
cpu2000-20041101-03494,255.vortex,2508,2508
cpu2000-20041101-03505,255.vortex,2231,
cpu2000-20041101-03517,255.vortex,2165,
cpu2000-20041104-03544,255.vortex,2662,2663
cpu2000-20041104-03550,255.vortex,2537,2540
cpu2000-20041104-03554,255.vortex,2539,2537
cpu2000-20041104-03555,255.vortex,2563,2563
cpu2000-20041104-03559,255.vortex,2656,2656
cpu2000-20041110-03563,255.vortex,2229,2227
cpu2000-20041115-03583,255.vortex,2279,2453
cpu2000-20041115-03589,255.vortex,1388,1473
cpu2000-20041115-03590,255.vortex,2848,2848
cpu2000-20041115-03592,255.vortex,2403,2403
cpu2000-20041115-03594,255.vortex,2271,2271
cpu2000-20041115-03597,255.vortex,2746,2746
cpu2000-20041115-03598,255.vortex,2486,2486
cpu2000-20041115-03605,255.vortex,1226,1226
cpu2000-20041115-03607,255.vortex,2489,2487
cpu2000-20041115-03611,255.vortex,816,816
cpu2000-20041129-03613,255.vortex,2393,2590
cpu2000-20041129-03626,255.vortex,2116,2116
cpu2000-20041129-03631,255.vortex,2462,2474
cpu2000-20041129-03633,255.vortex,2657,2657
cpu2000-20041214-03642,255.vortex,1896,
cpu2000-20041224-03664,255.vortex,1806,1806
cpu2000-20041224-03665,255.vortex,2309,2309
cpu2000-20041224-03674,255.vortex,1809,1809
cpu2000-20050107-03678,255.vortex,1310,1377
cpu2000-20050107-03680,255.vortex,1389,1461
cpu2000-20050110-03691,255.vortex,1319,1371
cpu2000-20050111-03700,255.vortex,1157,1217
cpu2000-20050117-03705,255.vortex,2307,2307
cpu2000-20050117-03707,255.vortex,1377,1377
cpu2000-20050122-03718,255.vortex,2357,2546
cpu2000-20050124-03730,255.vortex,2277,2277
cpu2000-20050124-03734,255.vortex,2088,2195
cpu2000-20050124-03738,255.vortex,2247,2247
cpu2000-20050124-03742,255.vortex,1799,1881
cpu2000-20050124-03746,255.vortex,2117,2234
cpu2000-20050124-03752,255.vortex,2510,2734
cpu2000-20050128-03757,255.vortex,2561,2771
cpu2000-20050207-03768,255.vortex,1859,1984
cpu2000-20050207-03774,255.vortex,2149,2290
cpu2000-20050207-03781,255.vortex,2085,2159
cpu2000-20050207-03786,255.vortex,2733,2735
cpu2000-20050207-03790,255.vortex,2728,2729
cpu2000-20050207-03792,255.vortex,2788,2789
cpu2000-20050207-03796,255.vortex,2744,2745
cpu2000-20050207-03800,255.vortex,2713,2715
cpu2000-20050207-03806,255.vortex,2572,2761
cpu2000-20050207-03810,255.vortex,2723,2726
cpu2000-20050207-03814,255.vortex,2784,2786
cpu2000-20050207-03818,255.vortex,2728,2729
cpu2000-20050208-03825,255.vortex,2393,2473
cpu2000-20050208-03831,255.vortex,2391,2467
cpu2000-20050208-03832,255.vortex,2152,2291
cpu2000-20050211-03834,255.vortex,1781,1781
cpu2000-20050211-03839,255.vortex,2520,2790
cpu2000-20050211-03843,255.vortex,2497,2765
cpu2000-20050218-03873,255.vortex,2838,2838
cpu2000-20050218-03880,255.vortex,3125,3125
cpu2000-20050218-03882,255.vortex,2979,2979
cpu2000-20050221-03891,255.vortex,2746,2746
cpu2000-20050307-03898,255.vortex,2975,2977
cpu2000-20050307-03904,255.vortex,2819,2820
cpu2000-20050321-03916,255.vortex,2522,2769
cpu2000-20050321-03919,255.vortex,1996,1978
cpu2000-20050321-03921,255.vortex,1996,1978
cpu2000-20050321-03927,255.vortex,2997,2997
cpu2000-20050321-03931,255.vortex,2316,2317
cpu2000-20050321-03935,255.vortex,2316,2317
cpu2000-20050325-03944,255.vortex,2681,2681
cpu2000-20050329-03945,255.vortex,2548,2548
cpu2000-20050404-03947,255.vortex,2455,2455
cpu2000-20050404-03959,255.vortex,2828,2828
cpu2000-20050411-03968,255.vortex,2557,2557
cpu2000-20050411-03970,255.vortex,2608,2608
cpu2000-20050411-03972,255.vortex,2610,2610
cpu2000-20050418-03973,255.vortex,2457,2457
cpu2000-20050419-04024,255.vortex,2854,2938
cpu2000-20050419-04032,255.vortex,2551,2634
cpu2000-20050502-04043,255.vortex,3063,3063
cpu2000-20050502-04044,255.vortex,2969,2969
cpu2000-20050502-04051,255.vortex,2867,2867
cpu2000-20050502-04055,255.vortex,2724,2723
cpu2000-20050505-04069,255.vortex,2529,2809
cpu2000-20050509-04072,255.vortex,2493,2732
cpu2000-20050509-04078,255.vortex,2541,2728
cpu2000-20050509-04081,255.vortex,2547,2780
cpu2000-20050511-04085,255.vortex,2799,2799
cpu2000-20050511-04090,255.vortex,2645,2645
cpu2000-20050513-04094,255.vortex,2596,2596
cpu2000-20050513-04103,255.vortex,2476,2473
cpu2000-20050514-04107,255.vortex,2733,2736
cpu2000-20050514-04114,255.vortex,2728,2728
cpu2000-20050516-04118,255.vortex,2610,2613
cpu2000-20050516-04125,255.vortex,2906,2905
cpu2000-20050517-04130,255.vortex,2739,2739
cpu2000-20050526-04139,255.vortex,2484,2485
cpu2000-20050526-04143,255.vortex,2610,2612
cpu2000-20050526-04145,255.vortex,2485,2489
cpu2000-20050526-04157,255.vortex,2352,2353
cpu2000-20050528-04164,255.vortex,2148,2148
cpu2000-20050528-04168,255.vortex,2355,2355
cpu2000-20050528-04172,255.vortex,2239,2239
cpu2000-20050528-04176,255.vortex,2427,2427
cpu2000-20050530-04181,255.vortex,2601,2603
cpu2000-20050601-04187,255.vortex,2445,2445
cpu2000-20050606-04194,255.vortex,2516,2516
cpu2000-20050610-04195,255.vortex,2453,2453
cpu2000-20050610-04199,255.vortex,2285,2285
cpu2000-20050610-04203,255.vortex,2148,2148
cpu2000-20050610-04210,255.vortex,2355,2355
cpu2000-20050610-04212,255.vortex,1820,2007
cpu2000-20050610-04216,255.vortex,2167,2349
cpu2000-20050610-04224,255.vortex,2480,2480
cpu2000-20050610-04230,255.vortex,2347,2349
cpu2000-20050610-04236,255.vortex,2725,2726
cpu2000-20050610-04243,255.vortex,2355,2356
cpu2000-20050613-04247,255.vortex,2603,2603
cpu2000-20050613-04253,255.vortex,1766,1914
cpu2000-20050613-04259,255.vortex,1919,2071
cpu2000-20050613-04262,255.vortex,2805,3063
cpu2000-20050613-04264,255.vortex,2806,3029
cpu2000-20050613-04272,255.vortex,2951,2950
cpu2000-20050616-04279,255.vortex,2587,2587
cpu2000-20050616-04286,255.vortex,2799,2799
cpu2000-20050621-04289,255.vortex,2333,2375
cpu2000-20050622-04296,255.vortex,2814,2814
cpu2000-20050624-04302,255.vortex,2478,2480
cpu2000-20050624-04309,255.vortex,2348,2347
cpu2000-20050624-04315,255.vortex,2460,2468
cpu2000-20050624-04317,255.vortex,2139,2146
cpu2000-20050627-04333,255.vortex,2562,2571
cpu2000-20050627-04334,255.vortex,2193,2193
cpu2000-20050628-04341,255.vortex,1938,
cpu2000-20050711-04354,255.vortex,2601,2601
cpu2000-20050711-04360,255.vortex,2185,2218
cpu2000-20050711-04364,255.vortex,2285,2287
cpu2000-20050711-04365,255.vortex,1998,1997
cpu2000-20050711-04373,255.vortex,2200,2257
cpu2000-20050711-04377,255.vortex,2395,2507
cpu2000-20050712-04382,255.vortex,2239,
cpu2000-20050724-04391,255.vortex,2561,2786
cpu2000-20050725-04393,255.vortex,1898,2053
cpu2000-20050725-04395,255.vortex,2071,2246
cpu2000-20050725-04397,255.vortex,2258,2455
cpu2000-20050725-04399,255.vortex,2421,2635
cpu2000-20050725-04400,255.vortex,2594,2829
cpu2000-20050725-04403,255.vortex,1926,2110
cpu2000-20050725-04405,255.vortex,2113,2314
cpu2000-20050725-04407,255.vortex,2293,2507
cpu2000-20050725-04409,255.vortex,2467,2694
cpu2000-20050725-04411,255.vortex,2641,2878
cpu2000-20050725-04431,255.vortex,2260,2270
cpu2000-20050725-04442,255.vortex,2244,2232
cpu2000-20050804-04443,255.vortex,2239,
cpu2000-20050805-04445,255.vortex,2666,2894
cpu2000-20050808-04453,255.vortex,2893,2897
cpu2000-20050808-04457,255.vortex,2172,2168
cpu2000-20050808-04464,255.vortex,2181,2218
cpu2000-20050808-04476,255.vortex,2271,2256
cpu2000-20050808-04481,255.vortex,1667,1777
cpu2000-20050810-04485,255.vortex,2548,2548
cpu2000-20050811-04491,255.vortex,2542,2542
cpu2000-20050819-04503,255.vortex,2799,2799
cpu2000-20050819-04504,255.vortex,2398,2398
cpu2000-20050819-04517,255.vortex,2910,3190
cpu2000-20050819-04519,255.vortex,2824,3078
cpu2000-20050822-04523,255.vortex,1997,2077
cpu2000-20050822-04526,255.vortex,2271,2266
cpu2000-20050822-04530,255.vortex,2525,2528
cpu2000-20050902-04546,255.vortex,3027,3022
cpu2000-20050902-04552,255.vortex,3034,3021
cpu2000-20050902-04558,255.vortex,3080,3081
cpu2000-20050902-04564,255.vortex,3078,3074
cpu2000-20050902-04570,255.vortex,3080,3075
cpu2000-20050902-04598,255.vortex,2390,2505
cpu2000-20050902-04606,255.vortex,2460,2472
cpu2000-20050902-04613,255.vortex,2706,2841
cpu2000-20050902-04619,255.vortex,2796,2819
cpu2000-20050902-04620,255.vortex,2706,2877
cpu2000-20050902-04633,255.vortex,2388,2505
cpu2000-20050902-04638,255.vortex,2372,2492
cpu2000-20050902-04654,255.vortex,2686,2814
cpu2000-20050905-04668,255.vortex,2842,2842
cpu2000-20050906-04674,255.vortex,2419,3068
cpu2000-20050906-04676,255.vortex,2419,3068
cpu2000-20050906-04684,255.vortex,2481,3127
cpu2000-20050908-04696,255.vortex,2505,2505
cpu2000-20050919-04720,255.vortex,2704,2704
cpu2000-20050919-04726,255.vortex,2417,2417
cpu2000-20050919-04733,255.vortex,2418,2421
cpu2000-20050919-04737,255.vortex,3137,3138
cpu2000-20050919-04746,255.vortex,3138,3140
cpu2000-20050919-04747,255.vortex,2432,2433
cpu2000-20050919-04759,255.vortex,2432,2434
cpu2000-20050919-04762,255.vortex,3144,3146
cpu2000-20050919-04764,255.vortex,2437,2441
cpu2000-20050919-04770,255.vortex,3123,3129
cpu2000-20050919-04780,255.vortex,2437,2439
cpu2000-20050919-04784,255.vortex,2951,2934
cpu2000-20050926-04790,255.vortex,2753,2755
cpu2000-20050926-04794,255.vortex,2751,2753
cpu2000-20050926-04798,255.vortex,2763,2766
cpu2000-20050926-04802,255.vortex,2763,2767
cpu2000-20050926-04806,255.vortex,2752,2756
cpu2000-20050926-04810,255.vortex,2742,2744
cpu2000-20051002-04818,255.vortex,2894,2894
cpu2000-20051003-04822,255.vortex,2262,2265
cpu2000-20051003-04825,255.vortex,2394,2396
cpu2000-20051003-04830,255.vortex,2549,2548
cpu2000-20051003-04834,255.vortex,2703,2703
cpu2000-20051003-04838,255.vortex,2844,2844
cpu2000-20051003-04842,255.vortex,2394,2396
cpu2000-20051003-04845,255.vortex,2703,2701
cpu2000-20051003-04849,255.vortex,2846,2846
cpu2000-20051003-04853,255.vortex,2993,2991
cpu2000-20051003-04859,255.vortex,2820,2926
cpu2000-20051003-04864,255.vortex,2240,2240
cpu2000-20051003-04873,255.vortex,2414,2418
cpu2000-20051003-04879,255.vortex,2515,2691
cpu2000-20051003-04883,255.vortex,2129,2282
cpu2000-20051003-04887,255.vortex,2511,2693
cpu2000-20051003-04891,255.vortex,2507,2692
cpu2000-20051003-04895,255.vortex,1916,2062
cpu2000-20051005-04902,255.vortex,2920,2920
cpu2000-20051007-04906,255.vortex,2911,2911
cpu2000-20051007-04912,255.vortex,2929,2929
cpu2000-20051007-04913,255.vortex,2934,2934
cpu2000-20051010-04918,255.vortex,2726,2598
cpu2000-20051010-04924,255.vortex,2756,2612
cpu2000-20051011-04925,255.vortex,2823,2823
cpu2000-20051013-04930,255.vortex,2312,2312
cpu2000-20051017-04948,255.vortex,2810,2810
cpu2000-20051017-04953,255.vortex,2919,2919
cpu2000-20051017-04961,255.vortex,2926,2926
cpu2000-20051017-04967,255.vortex,2229,2229
cpu2000-20051027-04977,255.vortex,2244,2243
cpu2000-20051028-04990,255.vortex,2611,2611
cpu2000-20051028-04996,255.vortex,2743,2743
cpu2000-20051028-05001,255.vortex,3009,3009
cpu2000-20051030-05004,255.vortex,2832,3028
cpu2000-20051031-05010,255.vortex,2143,2287
cpu2000-20051031-05014,255.vortex,2500,2500
cpu2000-20051031-05015,255.vortex,3074,3074
cpu2000-20051031-05018,255.vortex,2970,2970
cpu2000-20051031-05025,255.vortex,3097,3097
cpu2000-20051113-05030,255.vortex,3015,3015
cpu2000-20051114-05042,255.vortex,2189,2447
cpu2000-20051114-05050,255.vortex,2355,2624
cpu2000-20051114-05058,255.vortex,2681,2978
cpu2000-20051128-05104,255.vortex,2611,2611
cpu2000-20051128-05110,255.vortex,2744,2744
cpu2000-20051128-05115,255.vortex,2879,2879
cpu2000-20051128-05121,255.vortex,3021,3021
cpu2000-20051128-05131,255.vortex,2703,2703
cpu2000-20051128-05135,255.vortex,2552,2552
cpu2000-20051208-05140,255.vortex,2555,2556
cpu2000-20051208-05142,255.vortex,2709,2709
cpu2000-20051208-05144,255.vortex,2854,2852
cpu2000-20051208-05146,255.vortex,2999,3000
cpu2000-20051208-05148,255.vortex,3142,3140
cpu2000-20051208-05150,255.vortex,2272,2272
cpu2000-20051208-05156,255.vortex,2539,2539
cpu2000-20051212-05164,255.vortex,2285,
cpu2000-20051212-05212,255.vortex,2513,2818
cpu2000-20051212-05217,255.vortex,2670,2978
cpu2000-20051212-05223,255.vortex,1846,2083
cpu2000-20051212-05227,255.vortex,2018,2273
cpu2000-20051212-05228,255.vortex,2193,2460
cpu2000-20051212-05234,255.vortex,2354,2645
cpu2000-20051212-05249,255.vortex,2458,2453
cpu2000-20051212-05256,255.vortex,2814,2799
cpu2000-20051212-05260,255.vortex,2289,2281
cpu2000-20051212-05262,255.vortex,2753,2881
cpu2000-20051212-05264,255.vortex,2877,3065
cpu2000-20051212-05267,255.vortex,2590,2641
cpu2000-20051212-05271,255.vortex,2581,2638
cpu2000-20051212-05275,255.vortex,2239,2287
cpu2000-20051212-05279,255.vortex,2232,2282
cpu2000-20051212-05283,255.vortex,2940,3018
cpu2000-20051212-05291,255.vortex,2938,3019
cpu2000-20051219-05299,255.vortex,2468,2468
cpu2000-20051221-05307,255.vortex,3012,3012
cpu2000-20060109-05343,255.vortex,2463,2700
cpu2000-20060109-05346,255.vortex,2626,2888
cpu2000-20060109-05349,255.vortex,2792,2997
cpu2000-20060109-05360,255.vortex,2607,2607
cpu2000-20060109-05362,255.vortex,2733,2733
cpu2000-20060109-05364,255.vortex,2881,2881
cpu2000-20060110-05367,255.vortex,3291,3291
cpu2000-20060110-05370,255.vortex,2766,2766
cpu2000-20060110-05375,255.vortex,2208,2208
cpu2000-20060117-05393,255.vortex,2120,2120
cpu2000-20060120-05394,255.vortex,2850,2850
cpu2000-20060120-05400,255.vortex,2828,3029
cpu2000-20060120-05402,255.vortex,2496,2677
cpu2000-20060121-05415,255.vortex,2736,2734
cpu2000-20060121-05418,255.vortex,2585,2583
cpu2000-20060121-05422,255.vortex,2432,2432
cpu2000-20060121-05427,255.vortex,2581,2577
cpu2000-20060121-05430,255.vortex,2736,2737
cpu2000-20060121-05435,255.vortex,2584,2581
cpu2000-20060121-05436,255.vortex,2432,2429
cpu2000-20060121-05441,255.vortex,2581,2580
cpu2000-20060121-05444,255.vortex,2257,2259
cpu2000-20060123-05462,255.vortex,2670,2929
cpu2000-20060123-05468,255.vortex,2848,3125
cpu2000-20060203-05495,255.vortex,2506,2506
cpu2000-20060206-05501,255.vortex,2255,2252
cpu2000-20060206-05505,255.vortex,2592,2594
cpu2000-20060206-05510,255.vortex,2664,2664
cpu2000-20060206-05516,255.vortex,2668,2668
cpu2000-20060208-05542,255.vortex,2544,2807
cpu2000-20060208-05549,255.vortex,2377,2631
cpu2000-20060213-05562,255.vortex,2162,2391
cpu2000-20060213-05566,255.vortex,2162,2391
cpu2000-20060213-05579,255.vortex,2449,2776
cpu2000-20060213-05583,255.vortex,2818,3205
cpu2000-20060213-05587,255.vortex,2448,2782
cpu2000-20060213-05591,255.vortex,2137,2422
cpu2000-20060213-05595,255.vortex,2137,2421
cpu2000-20060213-05599,255.vortex,1931,2194
cpu2000-20060213-05604,255.vortex,1934,2194
cpu2000-20060213-05608,255.vortex,2480,3051
cpu2000-20060213-05615,255.vortex,1434,1467
cpu2000-20060216-05621,255.vortex,2675,2963
cpu2000-20060220-05629,255.vortex,2676,2898
cpu2000-20060220-05633,255.vortex,2485,2663
cpu2000-20060222-05659,255.vortex,1773,1886
cpu2000-20060227-05661,255.vortex,2523,2523
cpu2000-20060228-05668,255.vortex,2661,2661
cpu2000-20060306-05678,255.vortex,2352,2624
cpu2000-20060306-05682,255.vortex,2573,2754
cpu2000-20060306-05685,255.vortex,2558,2552
cpu2000-20060306-05689,255.vortex,2611,2799
cpu2000-20060306-05696,255.vortex,2625,2640
cpu2000-20060306-05708,255.vortex,2563,2757
cpu2000-20060306-05713,255.vortex,2598,2591
cpu2000-20060306-05720,255.vortex,2572,2753
cpu2000-20060306-05724,255.vortex,2577,2604
cpu2000-20060306-05734,255.vortex,2419,2423
cpu2000-20060306-05738,255.vortex,2438,2616
cpu2000-20060306-05748,255.vortex,2473,2472
cpu2000-20060310-05760,255.vortex,2906,2906
cpu2000-20060314-05765,255.vortex,2219,2221
cpu2000-20060314-05768,255.vortex,2589,2591
cpu2000-20060320-05779,255.vortex,3001,3001
cpu2000-20060320-05785,255.vortex,2662,2660
cpu2000-20060320-05793,255.vortex,2751,2950
cpu2000-20060320-05795,255.vortex,2954,3185
cpu2000-20060321-05805,255.vortex,3109,3109
cpu2000-20060321-05809,255.vortex,2932,2932
cpu2000-20060401-05815,255.vortex,1933,
cpu2000-20060403-05816,255.vortex,2590,2762
cpu2000-20060404-05823,255.vortex,2080,2082
cpu2000-20060404-05824,255.vortex,2426,2426
cpu2000-20060410-05828,255.vortex,2608,3333
cpu2000-20060410-05833,255.vortex,2943,3161
cpu2000-20060410-05838,255.vortex,2594,3274
cpu2000-20060410-05839,255.vortex,2594,3274
cpu2000-20060410-05846,255.vortex,2864,3084
cpu2000-20060410-05847,255.vortex,2864,3084
cpu2000-20060410-05851,255.vortex,2641,3333
cpu2000-20060410-05853,255.vortex,2922,3138
cpu2000-20060417-05873,255.vortex,3330,3330
cpu2000-20060418-05875,255.vortex,2371,2785
cpu2000-20060418-05877,255.vortex,2080,2082
cpu2000-20060421-05881,255.vortex,2713,2893
cpu2000-20060421-05883,255.vortex,2557,2731
cpu2000-20060421-05887,255.vortex,2709,2894
cpu2000-20060421-05889,255.vortex,2561,2732
cpu2000-20060428-05892,255.vortex,2606,2606
cpu2000-20060428-05896,255.vortex,2912,2912
cpu2000-20060428-05903,255.vortex,2586,2586
cpu2000-20060501-05932,255.vortex,2529,2510
cpu2000-20060501-05934,255.vortex,2529,2510
cpu2000-20060501-05936,255.vortex,2054,2075
cpu2000-20060501-05938,255.vortex,2054,2075
cpu2000-20060502-05945,255.vortex,2950,2950
cpu2000-20060502-05949,255.vortex,3105,3105
cpu2000-20060502-05953,255.vortex,2774,2774
cpu2000-20060502-05955,255.vortex,5017,5017
cpu2000-20060515-05971,255.vortex,3035,3035
cpu2000-20060515-05973,255.vortex,3045,3045
cpu2000-20060515-05975,255.vortex,1853,1851
cpu2000-20060515-05976,255.vortex,1853,1851
cpu2000-20060515-05987,255.vortex,2355,2349
cpu2000-20060515-05992,255.vortex,2363,2363
cpu2000-20060515-05999,255.vortex,4984,4980
cpu2000-20060515-06006,255.vortex,4957,4957
cpu2000-20060521-06009,255.vortex,2801,3097
cpu2000-20060521-06010,255.vortex,2802,3099
cpu2000-20060524-06015,255.vortex,4979,4979
cpu2000-20060525-06043,255.vortex,4901,4903
cpu2000-20060609-06076,255.vortex,4967,4967
cpu2000-20060612-06080,255.vortex,3167,3167
cpu2000-20060612-06156,255.vortex,4998,5000
cpu2000-20060612-06168,255.vortex,2952,2954
cpu2000-20060612-06176,255.vortex,2875,2875
cpu2000-20060612-06180,255.vortex,3271,3271
cpu2000-20060612-06184,255.vortex,3532,3532
cpu2000-20060612-06188,255.vortex,4015,4015
cpu2000-20060612-06192,255.vortex,4469,4469
cpu2000-20060612-06193,255.vortex,135,
cpu2000-20060612-06196,255.vortex,4079,4079
cpu2000-20060613-06198,255.vortex,2344,2344
cpu2000-20060614-06206,255.vortex,4967,4967
cpu2000-20060614-06209,255.vortex,2705,2893
cpu2000-20060616-06214,255.vortex,3191,3191
cpu2000-20060623-06215,255.vortex,5012,
cpu2000-20060623-06219,255.vortex,4996,
cpu2000-20060623-06224,255.vortex,4951,
cpu2000-20060626-06243,255.vortex,2336,2336
cpu2000-20060626-06245,255.vortex,2550,2550
cpu2000-20060626-06247,255.vortex,2875,2875
cpu2000-20060626-06249,255.vortex,2903,2903
cpu2000-20060626-06251,255.vortex,3317,3317
cpu2000-20060626-06253,255.vortex,3589,3589
cpu2000-20060626-06255,255.vortex,4079,4079
cpu2000-20060626-06257,255.vortex,4568,4568
cpu2000-20060626-06258,255.vortex,5006,5006
cpu2000-20060626-06294,255.vortex,2873,2873
cpu2000-20060626-06295,255.vortex,3570,3570
cpu2000-20060626-06296,255.vortex,4055,4055
cpu2000-20060626-06297,255.vortex,4522,4522
cpu2000-20060626-06298,255.vortex,4963,4963
cpu2000-20060626-06319,255.vortex,4925,4927
cpu2000-20060626-06326,255.vortex,4994,4990
cpu2000-20060626-06337,255.vortex,4975,4973
cpu2000-20060626-06352,255.vortex,4982,4979
cpu2000-20060626-06357,255.vortex,3012,3008
cpu2000-20060626-06376,255.vortex,3005,3004
cpu2000-20060705-06398,255.vortex,5280,5280
cpu2000-20060705-06402,255.vortex,4858,4858
cpu2000-20060705-06406,255.vortex,4451,4451
cpu2000-20060705-06410,255.vortex,3781,3781
cpu2000-20060705-06414,255.vortex,3369,3369
cpu2000-20060707-06418,255.vortex,2979,3183
cpu2000-20060707-06420,255.vortex,2572,2747
cpu2000-20060707-06427,255.vortex,2574,2574
cpu2000-20060707-06428,255.vortex,2284,2284
cpu2000-20060707-06429,255.vortex,3272,3272
cpu2000-20060707-06433,255.vortex,4374,4374
cpu2000-20060707-06436,255.vortex,3871,3871
cpu2000-20060709-06441,255.vortex,3996,3996
cpu2000-20060710-06467,255.vortex,2946,3446
cpu2000-20060710-06476,255.vortex,5000,
cpu2000-20060710-06477,255.vortex,2706,2906
cpu2000-20060710-06483,255.vortex,5343,5343
cpu2000-20060710-06487,255.vortex,5060,5060
cpu2000-20060710-06490,255.vortex,5029,5029
cpu2000-20060719-06512,255.vortex,2914,3397
cpu2000-20060721-06574,255.vortex,2581,2759
cpu2000-20060721-06588,255.vortex,2784,2985
cpu2000-20060721-06600,255.vortex,2428,2596
cpu2000-20060721-06608,255.vortex,1755,1870
cpu2000-20060721-06616,255.vortex,2610,2821
cpu2000-20060721-06624,255.vortex,1911,2047
cpu2000-20060722-06627,255.vortex,4988,4988
cpu2000-20060722-06629,255.vortex,2821,2821
cpu2000-20060722-06634,255.vortex,3035,3035
cpu2000-20060722-06637,255.vortex,4841,4841
cpu2000-20060723-06639,255.vortex,2714,2858
cpu2000-20060723-06643,255.vortex,2675,3039
cpu2000-20060724-06647,255.vortex,2135,2246
cpu2000-20060724-06655,255.vortex,2675,3039
cpu2000-20060724-06659,255.vortex,2675,3039
cpu2000-20060724-06663,255.vortex,2135,2246
cpu2000-20060724-06671,255.vortex,2135,2246
cpu2000-20060724-06679,255.vortex,2718,2860
cpu2000-20060724-06685,255.vortex,2132,2239
cpu2000-20060724-06687,255.vortex,2885,
cpu2000-20060724-06692,255.vortex,4517,
cpu2000-20060724-06698,255.vortex,4060,
cpu2000-20060724-06699,255.vortex,2965,3118
cpu2000-20060724-06708,255.vortex,3582,
cpu2000-20060724-06709,255.vortex,3274,
cpu2000-20060724-06711,255.vortex,3313,
cpu2000-20060724-06717,255.vortex,3587,
cpu2000-20060724-06720,255.vortex,2899,
cpu2000-20060724-06723,255.vortex,4079,
cpu2000-20060724-06725,255.vortex,4563,
cpu2000-20060724-06732,255.vortex,3285,
cpu2000-20060724-06733,255.vortex,2884,
cpu2000-20060724-06740,255.vortex,2920,
cpu2000-20060724-06743,255.vortex,3322,
cpu2000-20060724-06748,255.vortex,3603,
cpu2000-20060724-06749,255.vortex,4090,
cpu2000-20060724-06758,255.vortex,3603,
cpu2000-20060724-06759,255.vortex,4561,
cpu2000-20060724-06763,255.vortex,4559,
cpu2000-20060724-06766,255.vortex,4091,
cpu2000-20060724-06789,255.vortex,3029,3026
cpu2000-20060724-06792,255.vortex,2892,2895
cpu2000-20060724-06796,255.vortex,2901,2899
cpu2000-20060724-06800,255.vortex,2917,2916
cpu2000-20060724-06804,255.vortex,3296,3299
cpu2000-20060724-06808,255.vortex,2896,2895
cpu2000-20060725-06817,255.vortex,4927,4927
cpu2000-20060725-06820,255.vortex,3807,3807
cpu2000-20060725-06824,255.vortex,3136,3136
cpu2000-20060725-06839,255.vortex,2874,3141
cpu2000-20060725-06845,255.vortex,3280,3280
cpu2000-20060725-06846,255.vortex,3332,3332
cpu2000-20060725-06853,255.vortex,5352,5352
cpu2000-20060725-06856,255.vortex,3197,3197
cpu2000-20060725-06864,255.vortex,2197,2377
cpu2000-20060725-06871,255.vortex,2638,2638
cpu2000-20060725-06874,255.vortex,3384,3384
cpu2000-20060725-06880,255.vortex,2512,2716
cpu2000-20060725-06883,255.vortex,3172,3172
cpu2000-20060725-06888,255.vortex,3136,3136
cpu2000-20060727-06900,255.vortex,2740,2740
cpu2000-20060728-06902,255.vortex,2455,2455
cpu2000-20060731-06903,255.vortex,2147,2147
cpu2000-20060731-06907,255.vortex,2469,2469
cpu2000-20060802-06916,255.vortex,2174,2174
cpu2000-20060802-06920,255.vortex,3262,3262
cpu2000-20060802-06924,255.vortex,2463,2463
cpu2000-20060807-06932,255.vortex,4786,4786
cpu2000-20060807-06945,255.vortex,2896,2898
cpu2000-20060807-06946,255.vortex,2891,2895
cpu2000-20060807-06953,255.vortex,2885,2890
cpu2000-20060807-06957,255.vortex,3569,3564
cpu2000-20060807-06961,255.vortex,4061,4065
cpu2000-20060807-06962,255.vortex,4537,4541
cpu2000-20060815-06974,255.vortex,2588,2770
cpu2000-20060815-06990,255.vortex,2529,2711
cpu2000-20060815-06993,255.vortex,2509,2695
cpu2000-20060816-07003,255.vortex,2017,2175
cpu2000-20060816-07009,255.vortex,2370,2545
cpu2000-20060816-07010,255.vortex,2525,2716
cpu2000-20060816-07014,255.vortex,2281,2447
cpu2000-20060817-07018,255.vortex,2065,2220
cpu2000-20060817-07022,255.vortex,2437,2623
cpu2000-20060817-07028,255.vortex,2331,2510
cpu2000-20060818-07030,255.vortex,1905,2047
cpu2000-20060818-07031,255.vortex,2032,2195
cpu2000-20060818-07039,255.vortex,1797,1939
cpu2000-20060818-07040,255.vortex,2305,2480
cpu2000-20060818-07056,255.vortex,3140,3140
cpu2000-20060818-07065,255.vortex,3156,3154
cpu2000-20060821-07081,255.vortex,3287,3287
cpu2000-20060821-07083,255.vortex,3680,3680
cpu2000-20060821-07085,255.vortex,4371,4374
cpu2000-20060821-07095,255.vortex,2878,2878
cpu2000-20060821-07097,255.vortex,3557,3557
cpu2000-20060821-07099,255.vortex,4526,4525
cpu2000-20060821-07101,255.vortex,4976,4976
cpu2000-20060821-07103,255.vortex,1830,1981
cpu2000-20060821-07108,255.vortex,2135,2293
cpu2000-20060821-07119,255.vortex,2346,2517
cpu2000-20060821-07120,255.vortex,1870,2007
cpu2000-20060821-07127,255.vortex,2159,2310
cpu2000-20060821-07134,255.vortex,3268,3268
cpu2000-20060821-07138,255.vortex,2622,2622
cpu2000-20060821-07142,255.vortex,2671,2671
cpu2000-20060822-07146,255.vortex,1987,1987
cpu2000-20060829-07152,255.vortex,2386,2386
cpu2000-20060901-07157,255.vortex,2543,2696
cpu2000-20060901-07158,255.vortex,2660,2910
cpu2000-20060901-07169,255.vortex,2406,2406
cpu2000-20060901-07175,255.vortex,2652,2899
cpu2000-20060904-07198,255.vortex,2850,3253
cpu2000-20060904-07202,255.vortex,3341,3341
cpu2000-20060904-07206,255.vortex,2195,2469
cpu2000-20060904-07210,255.vortex,2583,2583
cpu2000-20060904-07214,255.vortex,2505,2820
cpu2000-20060905-07219,255.vortex,3842,3842
cpu2000-20060905-07223,255.vortex,4096,4096
cpu2000-20060905-07226,255.vortex,2984,2984
cpu2000-20060905-07229,255.vortex,2949,2949
cpu2000-20060905-07230,255.vortex,2658,2658
cpu2000-20060908-07231,255.vortex,4414,4414
cpu2000-20060908-07232,255.vortex,4161,4161
cpu2000-20060908-07236,255.vortex,3530,3530
cpu2000-20060908-07238,255.vortex,2480,2598
cpu2000-20060908-07240,255.vortex,2504,2612
cpu2000-20060913-07258,255.vortex,4959,4959
cpu2000-20060915-07273,255.vortex,2952,2951
cpu2000-20060915-07275,255.vortex,3649,3653
cpu2000-20060915-07277,255.vortex,4686,4686
cpu2000-20060915-07279,255.vortex,5172,5174
cpu2000-20060915-07292,255.vortex,4060,4060
cpu2000-20060918-07354,255.vortex,1840,1986
cpu2000-20060918-07357,255.vortex,2329,2501
cpu2000-20060918-07361,255.vortex,2189,2354
cpu2000-20060918-07365,255.vortex,2029,2197
cpu2000-20060918-07371,255.vortex,2027,2181
cpu2000-20060918-07381,255.vortex,2549,2696
cpu2000-20060918-07405,255.vortex,4748,4744
cpu2000-20060918-07411,255.vortex,4761,4765
cpu2000-20060918-07417,255.vortex,1196,1234
cpu2000-20061011-07491,255.vortex,4559,
cpu2000-20061011-07497,255.vortex,4090,
cpu2000-20061011-07498,255.vortex,3603,
cpu2000-20061011-07503,255.vortex,3322,
cpu2000-20061011-07506,255.vortex,2920,
cpu2000-20061011-07508,255.vortex,5000,
cpu2000-20061011-07510,255.vortex,2139,2139
cpu2000-20061011-07514,255.vortex,2709,2709
cpu2000-20061011-07518,255.vortex,2709,2709
cpu2000-20061011-07522,255.vortex,2457,2457
cpu2000-20061011-07526,255.vortex,2712,2712
cpu2000-20061011-07530,255.vortex,2136,2136
cpu2000-20061011-07534,255.vortex,2711,2711
cpu2000-20061011-07538,255.vortex,2823,2823
cpu2000-20061016-07556,255.vortex,2145,2145
cpu2000-20061016-07562,255.vortex,3379,
cpu2000-20061016-07567,255.vortex,4451,
cpu2000-20061016-07568,255.vortex,3792,
cpu2000-20061016-07575,255.vortex,4344,4340
cpu2000-20061016-07585,255.vortex,2537,2695
cpu2000-20061016-07586,255.vortex,2634,3053
cpu2000-20061016-07614,255.vortex,2542,2697
cpu2000-20061016-07617,255.vortex,2661,2910
cpu2000-20061016-07628,255.vortex,4158,4158
cpu2000-20061016-07633,255.vortex,4598,4598
cpu2000-20061016-07640,255.vortex,4795,4795
cpu2000-20061027-07695,255.vortex,3300,3300
cpu2000-20061027-07697,255.vortex,3312,3312
cpu2000-20061027-07724,255.vortex,2913,2913
cpu2000-20061030-07734,255.vortex,3364,
cpu2000-20061030-07740,255.vortex,3771,
cpu2000-20061030-07742,255.vortex,4448,
cpu2000-20061030-07805,255.vortex,4746,4746
cpu2000-20061110-07861,255.vortex,4070,4070
cpu2000-20061110-07868,255.vortex,3460,3460
cpu2000-20061110-07872,255.vortex,4791,4791
cpu2000-20061113-07876,255.vortex,2867,2867
cpu2000-20061113-07880,255.vortex,2925,
cpu2000-20061113-07885,255.vortex,3319,
cpu2000-20061113-07888,255.vortex,4083,
cpu2000-20061113-07892,255.vortex,4541,
cpu2000-20061113-07897,255.vortex,4541,
cpu2000-20061113-07900,255.vortex,4083,
cpu2000-20061113-07904,255.vortex,3319,
cpu2000-20061113-07908,255.vortex,2925,
cpu2000-20061113-07912,255.vortex,3264,
cpu2000-20061113-07918,255.vortex,4076,
cpu2000-20061113-07920,255.vortex,2879,
cpu2000-20061113-07924,255.vortex,4544,
cpu2000-20061113-07928,255.vortex,2877,
cpu2000-20061113-07932,255.vortex,3258,
cpu2000-20061113-07937,255.vortex,4068,
cpu2000-20061113-07941,255.vortex,4534,
cpu2000-20061113-07947,255.vortex,3257,
cpu2000-20061113-07949,255.vortex,4048,
cpu2000-20061113-07953,255.vortex,2886,
cpu2000-20061113-08025,255.vortex,2618,2890
cpu2000-20061113-08026,255.vortex,2721,3225
cpu2000-20061113-08038,255.vortex,2612,2892
cpu2000-20061113-08039,255.vortex,2721,3226
cpu2000-20061113-08044,255.vortex,3308,3308
cpu2000-20061113-08049,255.vortex,5237,5237
cpu2000-20061113-08052,255.vortex,4852,4852
cpu2000-20061113-08057,255.vortex,4939,4935
cpu2000-20061113-08067,255.vortex,4479,4491
cpu2000-20061113-08069,255.vortex,2880,2880
cpu2000-20061113-08075,255.vortex,4601,4601
cpu2000-20061113-08077,255.vortex,3594,3594
cpu2000-20061113-08085,255.vortex,3009,3011
cpu2000-20061113-08091,255.vortex,2899,2899
cpu2000-20061113-08095,255.vortex,3594,3594
cpu2000-20061113-08097,255.vortex,4578,4578
cpu2000-20061120-08141,255.vortex,2860,2860
cpu2000-20061120-08145,255.vortex,3450,3450
cpu2000-20061120-08150,255.vortex,2592,2879
cpu2000-20061120-08151,255.vortex,2697,3192
cpu2000-20061120-08161,255.vortex,2476,2746
cpu2000-20061120-08162,255.vortex,2562,3027
cpu2000-20061120-08176,255.vortex,2615,2892
cpu2000-20061120-08177,255.vortex,2708,3215
cpu2000-20061121-08246,255.vortex,2611,2877
cpu2000-20061121-08247,255.vortex,2725,3228
cpu2000-20061124-08291,255.vortex,4445,
cpu2000-20061127-08299,255.vortex,4597,
cpu2000-20061211-08304,255.vortex,2836,
cpu2000-20070108-08306,255.vortex,2107,
cpu2000-20070108-08308,255.vortex,3113,
cpu2000-20070108-08314,255.vortex,2115,
cpu2000-20070108-08316,255.vortex,2487,
cpu2000-20070108-08318,255.vortex,2838,
cpu2000-20070108-08323,255.vortex,2790,2790
cpu2000-20070119-08332,255.vortex,3505,3505
cpu2000-20070119-08336,255.vortex,2825,2825
cpu2000-20070119-08340,255.vortex,3476,3476
cpu2000-20070119-08344,255.vortex,4459,4459
cpu2000-20070122-08346,255.vortex,4376,
cpu2000-20070122-08350,255.vortex,3957,
cpu2000-20070122-08354,255.vortex,4377,
cpu2000-20070122-08358,255.vortex,3933,
cpu2000-20070122-08362,255.vortex,3264,
cpu2000-20070122-08365,255.vortex,2472,
cpu2000-20070122-08366,255.vortex,3116,
cpu2000-20070122-08369,255.vortex,3589,
cpu2000-20070122-08372,255.vortex,3580,
cpu2000-20070122-08384,255.vortex,2182,
cpu2000-20070122-08386,255.vortex,3199,
cpu2000-20070123-08392,255.vortex,5122,5122
cpu2000-20070123-08401,255.vortex,3570,
cpu2000-20070123-08404,255.vortex,3570,
cpu2000-20070202-08409,255.vortex,4438,4438
cpu2000-20070202-08413,255.vortex,3215,3215
cpu2000-20070205-08418,255.vortex,2709,2930
cpu2000-20070205-08420,255.vortex,4524,4524
cpu2000-20070205-08426,255.vortex,4522,4520
cpu2000-20070205-08430,255.vortex,4524,4524
cpu2000-20070205-08436,255.vortex,4534,4531
cpu2000-20070205-08441,255.vortex,4536,4536
cpu2000-20070205-08448,255.vortex,4525,4527
cpu2000-20070205-08455,255.vortex,3050,3050
cpu2000-20070205-08459,255.vortex,2565,2565
cpu2000-20070205-08463,255.vortex,2729,2729
cpu2000-20070205-08467,255.vortex,2895,2895
cpu2000-20070205-08471,255.vortex,3203,3203
cpu2000-20070205-08475,255.vortex,3390,3390
cpu2000-20070205-08479,255.vortex,3780,3780
cpu2000-20070205-08483,255.vortex,4454,4454
cpu2000-20070205-08487,255.vortex,4856,4856
cpu2000-20070212-08491,255.vortex,3215,3215
cpu2000-20070213-08493,255.vortex,4935,
cpu2000-20070213-08498,255.vortex,4045,
cpu2000-20070213-08502,255.vortex,3572,
cpu2000-20070213-08505,255.vortex,3239,
cpu2000-20070213-08510,255.vortex,3996,
cpu2000-20070213-08513,255.vortex,3575,
cpu2000-20070213-08517,255.vortex,2862,
cpu2000-20070213-08522,255.vortex,2856,
cpu2000-20070213-08525,255.vortex,3224,
cpu2000-20070215-08561,255.vortex,4816,4816
cpu2000-20070215-08567,255.vortex,2823,2823
cpu2000-20070216-08578,255.vortex,2594,2865
cpu2000-20070216-08582,255.vortex,2603,2841
cpu2000-20070216-08585,255.vortex,2500,2750
cpu2000-20070216-08591,255.vortex,3303,3303
cpu2000-20070219-08595,255.vortex,2111,
cpu2000-20070219-08598,255.vortex,2477,
cpu2000-20070219-08599,255.vortex,3267,
cpu2000-20070219-08601,255.vortex,2704,2922
cpu2000-20070219-08607,255.vortex,3285,3285
cpu2000-20070219-08608,255.vortex,3297,3297
cpu2000-20070219-08613,255.vortex,4524,4522
cpu2000-20070219-08615,255.vortex,3296,3296
cpu2000-20070219-08621,255.vortex,2546,
cpu2000-20070220-08624,255.vortex,3519,3519
cpu2000-20070221-08632,255.vortex,3526,3526
cpu2000-20070222-08637,255.vortex,3288,3288
cpu2000-20070222-08651,255.vortex,3295,3295
cpu2000-20070223-08662,255.vortex,3288,3288