Row,d18O_GRIP,age_GRIP,d18O_GISP,age_GISP
1,-34.93,10003.7,-33.4,10000
2,-34.95,10010.1,-33.3,10030
3,-34.45,10016.35,-33.3,10060
4,-35.16,10022.65,-33.6,10084
5,-35.2,10029.15,-33.4,10113
6,-35.33,10035.7,-33.7,10138
7,-36.02,10042.55,-33.9,10163
8,-34.98,10049.3,-33.6,10188
9,-34.73,10055.65,-34.3,10212
10,-35.07,10062,-33.9,10239
11,-34.15,10068.25,-34.3,10270
12,-35.65,10074.7,-34,10300
13,-34.55,10081.25,-34.7,10337
14,-35.02,10087.6,-34.8,10362
15,-35.69,10094.25,-34.6,10387
16,-35.38,10101,-34.7,10413
17,-34.57,10107.45,-33.7,10444
18,-35.73,10114.05,-34.1,10472
19,-35.67,10120.9,-34.7,10496
20,-35.66,10127.75,-34.1,10524
21,-35.62,10134.6,-34.5,10549
22,-35.26,10141.3,-34,10575
23,-35.58,10148,-34.4,10604
24,-35.96,10154.95,-33.4,10638
25,-36.02,10162.05,-33.6,10663
26,-36.01,10169.15,-33.4,10691
27,-35.06,10175.95,-33.6,10721
28,-35.99,10182.75,-33.8,10750
29,-35.33,10189.65,-33.6,10773
30,-35.52,10196.4,-34,10799
31,-35.47,10203.15,-34.6,10829
32,-35.07,10209.8,-34.8,10856
33,-35.47,10216.5,-35,10887
34,-35.85,10223.4,-34.8,10913
35,-36.14,10230.5,-35,10938
36,-34.75,10237.35,-34.7,10966
37,-34.52,10243.75,-34.4,10992
38,-35.14,10250.2,-34.2,11021
39,-36.28,10257.2,-35.1,11047
40,-36.15,10264.5,-34.3,11079
41,-36.92,10272.05,-34,11100
42,-36.08,10279.65,-34.1,11123
43,-36.26,10286.95,-33.8,11148
44,-36.41,10294.35,-34.1,11174
45,-35.8,10301.6,-33.4,11206
46,-35.33,10308.5,-33.7,11237
47,-35.36,10315.3,-33.8,11270
48,-34.96,10321.95,-34.1,11299
49,-35.29,10328.6,-33.4,11318
50,-35.55,10335.45,-33.7,11338
51,-34.99,10342.2,-33.9,11364
52,-35.77,10349.05,-33.9,11392
53,-34.56,10355.8,-33.8,11418
54,-35.09,10362.3,-33.8,11440
55,-35.55,10369.1,-33.9,11463
56,-34.52,10375.8,-34.3,11486
57,-36.51,10382.8,-33.6,11509
58,-35.29,10390,-34.1,11536
59,-35.26,10396.8,-34.1,11570
60,-36.57,10404.05,-34.1,11590
61,-35.3,10411.3,-33.5,11608
62,-36.35,10418.45,-33.6,11628
63,-35.13,10425.55,-34.3,11648
64,-35.71,10432.45,-34,11675
65,-35.55,10439.5,-34.1,11704
66,-37.16,10447.1,-33.7,11734
67,-35.84,10454.8,-33.7,11763
68,-35.93,10462,-34.5,11793
69,-36.41,10469.4,-34.2,11826
70,-35.25,10476.6,-34.7,11860
71,-35.77,10483.6,-34.3,11895
72,-34.78,10490.5,-34.3,11932
73,-35.52,10497.3,-35.2,11973
74,-35.68,10504.35,-34.7,12007
75,-35.58,10511.4,-35.2,12037
76,-35.59,10518.45,-34.6,12067
77,-36.39,10525.8,-34,12100
78,-35.99,10533.25,-34.1,12134
79,-35.56,10540.45,-34.5,12159
80,-35.8,10547.6,-35.1,12183
81,-35.7,10554.75,-35,12208
82,-36.55,10562.2,-34.6,12235
83,-36.29,10569.9,-34.5,12262
84,-35.43,10577.15,-35.1,12290
85,-34.43,10583.85,-35.2,12318
86,-37.02,10591.25,-35.4,12346
87,-35.77,10599,-35.2,12372
88,-36.48,10606.45,-35.6,12397
89,-36.1,10614.05,-36.5,12422
90,-36.62,10621.75,-35.6,12446
91,-35.67,10629.25,-35.7,12470
92,-36.29,10636.65,-36.3,12493
93,-35.63,10644.05,-36.2,12520
94,-35.51,10651.15,-35.7,12557
95,-35.25,10658.15,-35.5,12593
96,-36.36,10665.45,-35.5,12626
97,-36.7,10673.3,-35.2,12681
98,-35.96,10681,-35.2,12746
99,-35.85,10688.4,-35.2,12838
100,-36.74,10696.1,-35.9,12896
101,-35.23,10703.55,-35.7,12936
102,-37.19,10711.25,-36.6,12974
103,-37.85,10720.15,-36.6,13012
104,-36.08,10728.55,-36.2,13049
105,-36.78,10736.35,-36.5,13081
106,-36.55,10744.35,-36.6,13109
107,-36.45,10752.2,-36.7,13151
108,-36.34,10759.95,-36.4,13192
109,-37.16,10768.05,-36.6,13234
110,-36.32,10776.2,-37,13277
111,-35.95,10783.8,-36.6,13325
112,-35.99,10791.25,-36.9,13369
113,-36.6,10799,-37.1,13421
114,-36.99,10807.2,-36.9,13475
115,-35.98,10815.15,-36.7,13528
116,-36.56,10822.85,-37.1,13574
117,-36.55,10830.8,-36.4,13627
118,-36.98,10838.95,-36.5,13679
119,-36.35,10847,-35.7,13719
120,-36.58,10854.9,-35.7,13756
121,-36.53,10862.9,-35.9,13796
122,-37.42,10871.3,-36.9,13837
123,-35.58,10879.35,-37.3,13881
124,-35.61,10886.65,-37.1,13925
125,-35.96,10894.05,-36.9,13965
126,-36.74,10901.9,-37.1,14000
127,-36.21,10909.9,-36.2,14041
128,-35.71,10917.45,-35.5,14084
129,-36.78,10925.25,-35.1,14122
130,-35.78,10933.1,-35.9,14159
131,-36.72,10940.9,-36,14201
132,-36.32,10948.9,-36.2,14243
133,-35.9,10956.6,-36,14286
134,-36.42,10964.35,-36,14326
135,-37.74,10972.95,-36.1,14360
136,-36.84,10981.75,-35.9,14396
137,-37.01,10990.15,-36.7,14430
138,-37.22,10998.8,-36.2,14468
139,-36.22,11007.1,-36.2,14514
140,-36.73,11015.1,-36.6,14552
141,-35.98,11023,-36.2,14587
142,-37.09,11031.1,-36.4,14630
143,-37.11,11039.75,-35.9,14659
144,-37.94,11048.9,-36.1,14696
145,-36.07,11057.55,-36.2,14739
146,-37.11,11065.75,-36.4,14786
147,-36.57,11074.15,-35.8,14831
148,-36.67,11082.3,-36.4,14865
149,-37.51,11090.95,-35.9,14900
150,-36.55,11099.6,-36.4,14939
151,-36.44,11107.7,-35.5,14979
152,-36.19,11115.65,-36.5,15023
153,-37.89,11124.4,-36.9,15085
154,-37.05,11133.5,-36.7,15154
155,-36.27,11141.75,-36.4,15223
156,-36.81,11149.95,-36.7,15290
157,-36.17,11158.1,-36.3,15351
158,-36.23,11165.95,-37.3,15404
159,-35.19,11173.5,-37.4,15447
160,-35.76,11180.9,-37,15485
161,-37.19,11189.1,-37.3,15533
162,-35.89,11197.35,-36.5,15585
163,-36.08,11205.1,-37.6,15629
164,-38,11213.9,-36.4,15674
165,-36.51,11222.9,-37.1,15727
166,-36.88,11231.3,-37,15774
167,-36.56,11239.7,-36.8,15818
168,-37.58,11248.45,-37.1,15866
169,-37.19,11257.55,-37.4,15913
170,-36.38,11266.05,-37.1,15954
171,-37.89,11274.95,-37,15995
172,-37.3,11284.3,-37.1,16049
173,-37.51,11293.45,-37.7,16104
174,-38.44,11303.35,-36.5,16159
175,-38.35,11313.8,-37.1,16217
176,-38.04,11324,-36.7,16265
177,-36.63,11333.15,-37.3,16307
178,-38.5,11342.65,-37,16350
179,-37.81,11352.85,-37.6,16394
180,-37.15,11362.15,-37.8,16447
181,-37.93,11371.5,-37.1,16492
182,-37.99,11381.35,-37.8,16531
183,-36.55,11390.5,-37.3,16571
184,-36.99,11399.05,-38.3,16615
185,-36.84,11407.7,-38.3,16660
186,-36.37,11416.1,-37.6,16703
187,-37.75,11425,-38.1,16748
188,-37.54,11434.5,-38.1,16792
189,-37.17,11443.7,-38,16837
190,-35.51,11452,-38.3,16888
191,-35.93,11459.7,-38.2,16947
192,-36.36,11467.7,-37.9,17018
193,-36.37,11475.9,-37.3,17079
194,-37.49,11484.7,-37.1,17145
195,-35.82,11493.3,-37.4,17205
196,-37.02,11501.65,-37.7,17259
197,-36.83,11510.4,-37.3,17314
198,-36.36,11518.85,-37.6,17368
199,-37.48,11527.7,-38.7,17421
200,-36.22,11536.45,-37,17470
201,-36.14,11544.55,-38,17520
202,-38.62,11554.1,-38.7,17569
203,-35.77,11563.5,-38.7,17628
204,-36.78,11571.75,-38.8,17707
205,-37.73,11580.95,-39.1,17794
206,-37.85,11590.75,-39.3,17897
207,-38.77,11601.35,-38.8,17985
208,-38.67,11612.6,-37.5,18085
209,-40.83,11626.35,-38.4,18154
210,-40.79,11642.55,-38.5,18220
211,-39.46,11656.95,-39.1,18283
212,-39.1,11669.3,-38.1,18334
213,-39.91,11682.15,-39.2,18387
214,-40.57,11696.8,-39.2,18448
215,-42.22,11715.55,-39.2,18499
216,-38.92,11732.35,-39.7,18540
217,-40.28,11745.55,-39.7,18587
218,-41.84,11763,-39.7,18649
219,-39.07,11779.1,-39.8,18708
220,-40.93,11793.45,-40.3,18764
221,-41.69,11811.65,-40.4,18857
222,-40.77,11829.6,-39.9,18937
223,-39.87,11844.55,-41,19006
224,-40.61,11859.3,-40.1,19078
225,-39.5,11873.65,-38.8,19138
226,-39.44,11886.5,-39.3,19202
227,-41.08,11901.55,-39.9,19274
228,-40.08,11917.35,-39,19334
229,-40.32,11932,-40.8,19398
230,-40.14,11946.75,-39,19461
231,-39.98,11961.05,-39.2,19523
232,-39.82,11974.95,-39.3,19573
233,-40.07,11988.95,-39.5,19624
234,-40.56,12004,-38.8,19687
235,-41.21,12020.85,-40.2,19743
236,-39.89,12036.75,-39.2,19791
237,-41.09,12052.45,-38.6,19839
238,-39.87,12068.1,-39.9,19889
239,-40.76,12083.2,-39.8,19939
240,-41.49,12100.95,-39.3,19990
241,-38.25,12115.85,-39.8,20046
242,-41.31,12130.4,-39.8,20105
243,-41.14,12148.45,-39,20148
244,-40.81,12165.6,-38.9,20191
245,-39.44,12180.4,-39.4,20234
246,-41.76,12197,-39.9,20277
247,-40.06,12214.35,-39.5,20315
248,-41.39,12230.95,-39.7,20350
249,-41.11,12249.2,-39.8,20386
250,-38.96,12264.1,-40,20460
251,-40.26,12277.6,-40.2,20536
252,-41.12,12294,-39.3,20600
253,-40.98,12311.55,-39.5,20646
254,-39.4,12326.65,-39.4,20698
255,-40.69,12341.3,-39.5,20778
256,-40.47,12357.35,-40.6,20825
257,-40.65,12373.3,-40.4,20866
258,-41.58,12391.25,-40,20904
259,-41.51,12410.8,-40.3,20959
260,-41.28,12429.7,-40.5,21039
261,-41.83,12449.3,-41.2,21128
262,-39.92,12466.85,-41.2,21215
263,-41.85,12484.45,-41.1,21279
264,-41.68,12504.95,-41.4,21344
265,-40.78,12523.4,-41.8,21409
266,-41.52,12541.55,-40.8,21503
267,-41.93,12561.95,-40.8,21598
268,-42.29,12584.2,-41,21686
269,-42.23,12607.2,-40.5,21773
270,-41.31,12628,-41.4,21876
271,-39.94,12644.55,-41,21976
272,-41.4,12661.25,-41.6,22059
273,-39.43,12677.4,-41.3,22152
274,-39.31,12690.5,-41.2,22246
275,-39.69,12703.9,-41.5,22317
276,-38.59,12716.55,-41.6,22380
277,-39.37,12728.85,-41.1,22443
278,-39.12,12741.7,-41.3,22533
279,-37.07,12752.7,-41.3,22610
280,-38.43,12763.05,-41.8,22682
281,-37.64,12773.8,-41.3,22756
282,-39.01,12785.1,-41,22843
283,-38.72,12797.2,-41.6,22936
284,-37.42,12808.05,-40.9,23032
285,-37.82,12818.2,-41.2,23125
286,-37.88,12828.65,-40.8,23210
287,-38.82,12839.95,-40.6,23273
288,-38.88,12852.1,-40.2,23347
289,-39.61,12865.05,-40.2,23497
290,-37.75,12877.1,-39.9,23773
291,-38.21,12887.8,-39.9,24008
292,-39.38,12899.95,-39.8,24267
293,-38.5,12912.35,-38.9,24591
294,-39.72,12925.15,-39.5,24873
295,-39.24,12938.7,-40.8,25167
296,-39.48,12951.95,-40,25452
297,-40.06,12966.2,-40,25677
298,-40.8,12982.3,-39.9,25990
299,-39.74,12998,-40.3,26331
300,-38.84,13011.2,-40.3,26490
301,-40.89,13026.05,-40.3,26580
302,-39.67,13041.85,-40.5,26660
303,-40.52,13057.05,-40.5,26736
304,-39.24,13071.75,-40.8,26813
305,-39.13,13084.7,-40.8,26898
306,-39.15,13097.55,-40.7,26994
307,-39.63,13111,-41.5,27096
308,-39.25,13124.55,-40.9,27195
309,-38.09,13136.6,-41.1,27282
310,-38.63,13148.05,-41.1,27360
311,-40.07,13161.6,-40.7,27441
312,-38.48,13175,-40,27522
313,-38.15,13186.4,-39.9,27626
314,-37.38,13197,-39.7,27730
315,-37.35,13207,-39.8,27817
316,-38.45,13217.85,-40.1,27909
317,-38.14,13229.25,-40,28010
318,-37.8,13240.1,-39.6,28126
319,-37.71,13250.7,-40.5,28215
320,-37.76,13261.3,-40.9,28298
321,-38.71,13272.65,-40.1,28371
322,-36.68,13283.35,-40,28441
323,-37.67,13293.25,-39.1,28507
324,-37.49,13303.65,-40,28563
325,-38.55,13314.75,-40.3,28612
326,-37.67,13325.95,-40.5,28667
327,-38.24,13336.9,-40.5,28742
328,-37.58,13347.8,-40.8,28832
329,-37.09,13357.9,-40.6,28911
330,-35.97,13367.15,-41.2,28987
331,-36.21,13375.95,-41.3,29056
332,-37.77,13385.75,-41.6,29116
333,-37.22,13396.1,-41,29178
334,-37.34,13406.15,-40,29242
335,-37.79,13416.6,-40.3,29313
336,-37.31,13427.05,-40.2,29391
337,-37.39,13437.2,-40,29461
338,-38.64,13448.4,-39.7,29564
339,-39.39,13461.35,-39.9,29695
340,-39.02,13474.65,-39.9,29772
341,-37.63,13486.4,-39.6,29844
342,-37.57,13496.95,-40.4,29915
343,-37.96,13507.75,-40,29991
344,-37.33,13518.4,-40.2,30083
345,-37.4,13528.65,-39.9,30160
346,-36.94,13538.65,-40,30232
347,-38.01,13549.1,-39.9,30326
348,-37.69,13560.05,-40.1,30424
349,-37.58,13570.7,-39.6,30525
350,-36.33,13580.55,-39.4,30622
351,-37.03,13590.05,-40.5,30703
352,-37.54,13600.3,-40.8,30784
353,-37.45,13610.8,-40.2,30866
354,-38,13621.6,-40,30944
355,-37.14,13632.25,-39.3,31021
356,-38.16,13643,-39.6,31101
357,-37.73,13654.15,-39.7,31183
358,-37.18,13664.65,-40,31267
359,-38.02,13675.35,-40.3,31323
360,-37.94,13686.6,-40,31378
361,-38.05,13697.85,-40.6,31447
362,-36.54,13708.25,-40.6,31522
363,-37.35,13718.15,-40.6,31595
364,-37.96,13728.95,-40.6,31677
365,-38.21,13740.4,-40.8,31778
366,-36.82,13751.1,-40.7,31903
367,-37.09,13761,-40.5,32012
368,-37.33,13771.2,-39.6,32136
369,-36.7,13781.25,-40.2,32249
370,-36.65,13790.9,-39.8,32328
371,-37.92,13801.3,-40,32415
372,-38.35,13812.9,-39.7,32511
373,-37.32,13824.1,-39.9,32595
374,-39.27,13836.2,-39.7,32684
375,-39.04,13849.75,-39.9,32772
376,-40.19,13864.5,-39.5,32849
377,-39.23,13879.45,-39.8,32922
378,-39.36,13893.35,-40.6,32978
379,-39.12,13907.15,-40.4,33034
380,-38.68,13920.2,-40.3,33126
381,-36.79,13931.45,-40.2,33238
382,-37.18,13941.55,-40.5,33363
383,-37.45,13952,-39.3,33493
384,-36.9,13962.3,-40,33625
385,-36.5,13972.05,-39.9,33718
386,-38.7,13983.2,-39.9,33806
387,-36.45,13994.35,-39.7,33896
388,-38.16,14004.95,-40,33987
389,-37.89,14016.5,-40.3,34063
390,-36.75,14027.1,-40,34140
391,-37.34,14037.3,-40.7,34220
392,-36.74,14047.5,-40.8,34300
393,-36.74,14057.35,-40.7,34379
394,-37.79,14067.9,-40.5,34455
395,-36.87,14078.5,-40.9,34533
396,-36.48,14088.3,-40.9,34622
397,-36.32,14097.85,-40.8,34719
398,-36.24,14107.3,-40.6,34801
399,-36.78,14116.95,-40.7,34882
400,-35.6,14126.35,-40.5,34949
401,-36.67,14135.7,-40.9,35020
402,-34.97,14144.8,-40.3,35093
403,-36.52,14153.85,-39.9,35166
404,-34.81,14162.85,-40,35240
405,-35.44,14171.4,-39.9,35293
406,-35.58,14180.25,-39.3,35358
407,-35.71,14189.15,-38.7,35442
408,-36.96,14198.75,-39.5,35531
409,-35.92,14208.45,-39.9,35610
410,-36.85,14218.05,-39.6,35680
411,-35.99,14227.75,-40.1,35743
412,-35.26,14236.7,-40.2,35802
413,-35.72,14245.55,-40.4,35862
414,-37.13,14255.3,-39.9,35923
415,-35.97,14265.15,-39.7,35981
416,-35.8,14274.35,-40,36037
417,-35.56,14283.35,-40.1,36104
418,-35.51,14292.25,-40.8,36179
419,-36.25,14301.45,-40.8,36247
420,-36.31,14311,-40.7,36317
421,-36.17,14320.55,-40.3,36388
422,-34.12,14329.35,-40.4,36460
423,-35.36,14337.8,-40.5,36542
424,-34.16,14346.25,-40.3,36622
425,-35.42,14354.75,-39.6,36694
426,-35.99,14363.85,-40,36769
427,-34.89,14372.75,-40,36849
428,-35.55,14381.5,-40,36923
429,-35.25,14390.4,-40.1,36989
430,-34.76,14399,-40.1,37065
431,-35.46,14407.7,-40.2,37142
432,-36.57,14417.15,-40.3,37230
433,-34.32,14426.25,-40,37316
434,-35.47,14434.85,-40.2,37403
435,-35.72,14443.9,-39.5,37489
436,-36.58,14453.5,-39.4,37573
437,-36.01,14463.2,-39.3,37675
438,-37.48,14473.5,-39.6,37795
439,-35.79,14483.7,-39.3,37909
440,-36.15,14493.1,-39.1,38038
441,-37.12,14503.25,-38.9,38156
442,-37.45,14514.15,-39.1,38263
443,-38.1,14525.8,-38.7,38344
444,-39.08,14538.95,-38.7,38405
445,-38.38,14552.3,-38.3,38474
446,-40.48,14567.65,-38.2,38544
447,-40.58,14585.9,-38.4,38620
448,-40.32,14603.85,-38.9,38699
449,-39.08,14619.7,-38.9,38770
450,-38.39,14633.15,-38.8,38840
451,-39.79,14647.5,-38.9,38903
452,-38.64,14662.1,-39.1,38962
453,-39.27,14676,-38.9,39020
454,-39.6,14691.05,-38.9,39091
455,-41.67,14710.35,-38.9,39163
456,-39.47,14729.5,-38.8,39239
457,-38.99,14744.1,-39.1,39315
458,-39.75,14759.05,-39.5,39386
459,-38.42,14773.45,-39.1,39455
460,-38.88,14786.8,-39.1,39520
461,-40.4,14802.7,-39,39568
462,-39.4,14819.25,-39.1,39615
463,-39.61,14834.6,-39.7,39663
464,-40.6,14851.75,-39,39723
465,-39.71,14869.05,-39.5,39789
466,-39.12,14884.2,-39.7,39854
467,-40.31,14900.3,-40.4,39902
468,-39.42,14916.8,-39.9,39951
469,-39.01,14931.5,-40,39999
470,-39.48,14946.25,-40.4,40060
471,-38.61,14960.6,-40.6,40122
472,-38.43,14973.8,-40.3,40179
473,-39.57,14988.1,-40.6,40234
474,-40.05,15004.4,-40.9,40286
475,-38.76,15019.75,-40.8,40335
476,-39.63,15034.55,-40.9,40383
477,-39.22,15049.85,-39.9,40428
478,-39.6,15065.1,-40.6,40472
479,-39.9,15081.3,-40.8,40508
480,-39.9,15097.95,-40.1,40545
481,-40.31,15115.25,-40.7,40578
482,-38.66,15131,-40.3,40610
483,-40.54,15147.2,-40.3,40641
484,-40,15165.1,-40.2,40673
485,-41.71,15185.5,-40.4,40706
486,-40.71,15207.1,-40.8,40739
487,-39.38,15224.45,-40.2,40787
488,-38.7,15239,-40.5,40839
489,-39.29,15253.4,-40.8,40899
490,-39.62,15268.9,-40.2,40952
491,-38.45,15283.55,-40.2,41003
492,-41.99,15302.9,-40,41050
493,-39.52,15323.5,-40,41095
494,-40.13,15340.15,-40,41130
495,-39.63,15356.95,-39.6,41164
496,-40.56,15374.5,-39.5,41205
497,-39.83,15392.3,-39.4,41253
498,-40.39,15409.85,-39.4,41323
499,-39.39,15426.8,-40,41392
500,-40.38,15443.75,-40.1,41463
501,-39.83,15461.35,-39.8,41525
502,-39.71,15477.85,-39.9,41579
503,-41.05,15496.55,-40.2,41679
504,-41.64,15519,-40.1,41835
505,-40.4,15540.2,-40.2,42001
506,-41.05,15560.05,-39,42194
507,-40.47,15580.05,-39.6,42373
508,-41.44,15600.95,-39.6,42511
509,-40.91,15622.7,-39.3,42628
510,-39.44,15640.85,-39.8,42755
511,-39.84,15657.15,-39.4,42882
512,-39.89,15674.1,-39.4,43010
513,-39.02,15689.95,-40.5,43130
514,-39.71,15705.55,-40.5,43257
515,-38.26,15720.4,-40.8,43429
516,-39.58,15735.05,-40.7,43596
517,-39.5,15751.1,-40.8,43777
518,-39.05,15766.5,-39.9,43962
519,-40.14,15782.85,-39.5,44139
520,-38.79,15798.95,-40.6,44302
521,-40.7,15816.05,-40.7,44428
522,-39.96,15834.7,-40.8,44537
523,-40.34,15852.7,-40,44648
524,-39.32,15869.8,-39.8,44738
525,-39.9,15886.2,-40,44823
526,-38.36,15901.55,-40,44913
527,-39.42,15916.2,-39.6,45006
528,-38.04,15930.55,-39.3,45098
529,-39.51,15945.05,-38.7,45192
530,-40.21,15962.25,-38.5,45284
531,-39.46,15979.4,-38.7,45363
532,-39.89,15996.05,-38.3,45419
533,-39.19,16012.4,-38.1,45482
534,-40.76,16030.3,-37.8,45576
535,-40.44,16050.05,-37.9,45691
536,-40.96,16070.2,-37.8,45829
537,-37.95,16087.2,-38.5,45966
538,-40.33,16103,-38.5,46103
539,-40.05,16121.35,-38.9,46239
540,-38.34,16137.1,-38.5,46372
541,-40.58,16153.75,-39.2,46506
542,-39.74,16172.1,-38.6,46642
543,-40.92,16191.2,-39.2,46783
544,-41.18,16212.95,-39.2,46918
545,-40.38,16233.65,-39.5,47048
546,-39.66,16251.6,-39.5,47178
547,-39.26,16267.85,-39.9,47306
548,-40.41,16285.3,-39.8,47433
549,-39.81,16303.55,-40,47560
550,-38.68,16319.4,-40.2,47686
551,-39.25,16334.45,-40,47812
552,-40.9,16352.9,-39.9,47936
553,-40.48,16373.3,-39.6,48060
554,-40.01,16392.1,-39.8,48183
555,-40.01,16410.05,-40.1,48305
556,-38.32,16425.85,-40.4,48426
557,-40.9,16443.35,-41,48546
558,-41.08,16465.05,-40.7,48666
559,-39.96,16485.05,-40.4,48786
560,-40.41,16503.7,-40.2,48905
561,-39.9,16522.3,-40.3,49023
562,-39.6,16539.6,-39.9,49140
563,-40.72,16558.35,-40.1,49255
564,-40.02,16577.75,-39.9,49370
565,-41.46,16598.8,-40.2,49485
566,-40.98,16621.75,-39.9,49599
567,-39.34,16640.75,-40.4,49714
568,-38.92,16656.35,-39.9,49827
569,-38.55,16671.05,-39.5,49940
570,-38.93,16685.8,-40.1,50051
571,-38.97,16701,-40,50162
572,-39.93,16717.6,-39.6,50272
573,-38.87,16734.15,-40,50382
574,-39.81,16750.5,-39.3,50491
575,-37.82,16765.75,-39.5,50599
576,-37.85,16778.7,-40.1,50704
577,-39.49,16793.55,-40,50809
578,-39.1,16809.75,-39.9,50915
579,-37.5,16823.8,-39.6,51022
580,-39.22,16838,-39.3,51127
581,-39.73,16854.75,-39.6,51232
582,-37.67,16869.9,-39.2,51335
583,-39.51,16884.7,-39.7,51439
584,-39.18,16901.1,-39.6,51543
585,-37.27,16915.15,-39.1,51645
586,-39.08,16929.05,-38.1,51746
587,-38.11,16943.7,-38.2,51847
588,-39.92,16959.6,-38.9,51947
589,-37.58,16975.05,-39.1,52045
590,-39.57,16989.95,-38.8,52144
591,-39.52,17006.95,-38.2,52242
592,-39.13,17023.4,-38.1,52341
593,-40.3,17041.15,-38.1,52437
594,-40.18,17060.45,-37.9,52585
595,-40.1,17079.45,-38.1,52738
596,-37.79,17095.45,-37.8,52889
597,-37.78,17108.55,-38.1,53040
598,-38.18,17122,-38.7,53191
599,-39.67,17137.7,-38.7,53340
600,-39.16,17154.55,-39,53487
601,-40.46,17172.7,-38.9,53633
602,-39.06,17190.75,-39.1,53780
603,-37.94,17205.45,-38.9,53926
604,-40.01,17221.5,-38.7,54070
605,-39.04,17238.75,-38.7,54215
606,-38.55,17254.05,-38,54357
607,-38.12,17268.3,-38.1,54487
608,-38.15,17282.2,-38.7,54616
609,-38.5,17296.5,-38.5,54756
610,-39.97,17313.1,-39.6,54896
611,-38.08,17329.3,-39.8,55036
612,-39.34,17344.6,-39.7,55174
613,-39.57,17361.7,-40.2,55310
614,-38.38,17377.6,-39.8,55445
615,-40.22,17394.6,-40,55579
616,-38.67,17411.95,-39.8,55713
617,-38.34,17426.7,-39.7,55847
618,-38.96,17441.8,-40,55979
619,-38.39,17457,-40.1,56177
620,-38.66,17471.85,-39.5,56437
621,-39.56,17488.15,-39.2,56693
622,-40.25,17506.8,-38.9,56946
623,-40.39,17526.9,-39.1,57208
624,-39.95,17546.5,-38.8,57468
625,-40.43,17566.15,-38.6,57710
626,-39.49,17585.1,-38.5,57900
627,-39.95,17603.2,-38,58087
628,-37.29,17618.9,-37.8,58270
629,-39.05,17633.3,-37.7,58451
630,-38.76,17649.15,-37.6,58629
631,-39.15,17665.15,-38.4,58806
632,-38.21,17680.55,-38.1,58985
633,-39.91,17697.1,-38.3,59311
634,-40.1,17716.2,-38.5,59631
635,-37.23,17732.2,-38.5,59946
636,-39.38,17747.1,-39.2,60258
637,-38.89,17763.65,-39.2,60567
638,-38.73,17779.35,-38.6,60872
639,-39.59,17796.05,-39.5,61173
640,-38.11,17812.05,-39.8,61470
641,-40.21,17829.1,-40,61762
642,-39.76,17848.3,-40.2,62049
643,-38.51,17865.05,-40.5,62333
644,-39.45,17881.35,-40.4,62615
645,-38.79,17898,-40.3,62894
646,-39.38,17914.55,,
647,-37.83,17930.05,,
648,-38.93,17944.95,,
649,-38.14,17960.2,,
650,-40.74,17978.5,,
651,-39.74,17998.85,,
652,-39.95,18017.75,,
653,-38.73,18035.25,,
654,-39.9,18052.65,,
655,-39.49,18071.05,,
656,-38.52,18087.55,,
657,-39.82,18104.6,,
658,-39.67,18123.2,,
659,-39.09,18140.75,,
660,-39.49,18158.05,,
661,-41.06,18178.95,,
662,-39.56,18199.95,,
663,-41.73,18222.8,,
664,-39.13,18245,,
665,-40.67,18264.55,,
666,-39.82,18285.2,,
667,-39.16,18303.2,,
668,-39.96,18321.45,,
669,-39.31,18339.9,,
670,-40.11,18358.65,,
671,-41.2,18381.1,,
672,-41.06,18405.6,,
673,-40.09,18427.7,,
674,-40.26,18448.05,,
675,-40.77,18469.8,,
676,-40.35,18491.75,,
677,-38.59,18510.15,,
678,-40.4,18528.65,,
679,-40.14,18549.5,,
680,-40.18,18569.95,,
681,-38.71,18588.2,,
682,-40.52,18607.15,,
683,-40.86,18629.8,,
684,-40.19,18651.8,,
685,-40.97,18674.1,,
686,-40.23,18696.5,,
687,-39.85,18716.6,,
688,-40.8,18737.9,,
689,-41.05,18761.7,,
690,-41.5,18787.35,,
691,-40.47,18811.7,,
692,-41.04,18834.8,,
693,-41.4,18860.2,,
694,-39.53,18882.65,,
695,-40.7,18903.35,,
696,-40.01,18924.85,,
697,-39.28,18943.8,,
698,-40.31,18963.35,,
699,-37.8,18981.15,,
700,-40.73,18999.85,,
701,-40.55,19022.6,,
702,-39.32,19042.75,,
703,-40.73,19063.3,,
704,-40.11,19085.25,,
705,-40.31,19106.3,,
706,-40.55,19128.25,,
707,-38.93,19147.95,,
708,-40.33,19167.2,,
709,-41.97,19193.1,,
710,-40.75,19219.9,,
711,-41.11,19244.2,,
712,-41.01,19269.15,,
713,-40.12,19291.9,,
714,-41.1,19314.9,,
715,-40.78,19339.35,,
716,-41.31,19364.35,,
717,-41.05,19390,,
718,-39.94,19412.65,,
719,-41.56,19436.7,,
720,-41,19463,,
721,-41.14,19488.2,,
722,-40.14,19511.55,,
723,-40.8,19534.05,,
724,-41.08,19558.65,,
725,-42.54,19588.7,,
726,-40.86,19618.2,,
727,-41.26,19643.5,,
728,-40.79,19668.65,,
729,-41.68,19695,,
730,-42.36,19726.2,,
731,-41.82,19757.85,,
732,-42.04,19788.3,,
733,-40.41,19815.1,,
734,-39.89,19836.5,,
735,-41.46,19860.5,,
736,-41.34,19887.75,,
737,-40.2,19912,,
738,-41.58,19937,,
739,-41.82,19966.2,,
740,-42.61,19999.1,,
741,-41.4,20030.7,,
742,-41.4,20058.15,,
743,-40.66,20083.7,,
744,-39.88,20105.75,,
745,-40.08,20126.65,,
746,-40.82,20149.5,,
747,-41.4,20175.5,,
748,-40.5,20200.8,,
749,-41.3,20225.85,,
750,-42.35,20256.4,,
751,-40.65,20285.3,,
752,-40.72,20309.25,,
753,-40.86,20333.7,,
754,-41.59,20360.55,,
755,-40.75,20387.15,,
756,-40.51,20410.9,,
757,-40.31,20433.7,,
758,-40.82,20457.3,,
759,-40.34,20480.95,,
760,-40.34,20503.5,,
761,-40.22,20525.85,,
762,-41.92,20552.5,,
763,-41.31,20581.8,,
764,-42.6,20613.75,,
765,-41.64,20646.75,,
766,-41,20674.4,,
767,-41.38,20701.25,,
768,-40.72,20727.4,,
769,-40.74,20751.9,,
770,-40.88,20776.85,,
771,-41.12,20802.75,,
772,-40.2,20827.15,,
773,-40.72,20850.55,,
774,-41.32,20876.7,,
775,-42.82,20910,,
776,-41.35,20943.35,,
777,-40.09,20968.25,,
778,-39.4,20988.9,,
779,-40.79,21011.1,,
780,-40.96,21036.55,,
781,-41.44,21063.85,,
782,-40.39,21089.8,,
783,-40.45,21113.15,,
784,-39.69,21135.15,,
785,-38.81,21154.3,,
786,-38.09,21171.2,,
787,-39.27,21188.75,,
788,-39.81,21208.8,,
789,-41.2,21233,,
790,-40.77,21259.3,,
791,-41.55,21286.65,,
792,-41.43,21315.85,,
793,-42.1,21346.95,,
794,-41.09,21377.05,,
795,-41.66,21405.7,,
796,-40.81,21433.65,,
797,-40.25,21457.85,,
798,-39.33,21479.05,,
799,-38.03,21496.8,,
800,-37.69,21512.5,,
801,-37.83,21528,,
802,-39.59,21546.05,,
803,-39.76,21566.85,,
804,-38.61,21586.15,,
805,-41.25,21608.9,,
806,-41.64,21638.2,,
807,-41.48,21668.25,,
808,-40.61,21695.35,,
809,-42.13,21724.75,,
810,-41.59,21756.95,,
811,-41.93,21788.4,,
812,-41.02,21818.2,,
813,-42.48,21850.2,,
814,-43.27,21891.05,,
815,-42.99,21934.35,,
816,-41.25,21969.45,,
817,-42.01,22000.3,,
818,-41.77,22032.85,,
819,-44.31,22078.15,,
820,-42.81,22127.7,,
821,-42.08,22164.8,,
822,-42.27,22199.6,,
823,-42.16,22234.75,,
824,-42.28,22269.95,,
825,-43.14,22309.7,,
826,-43.79,22357.4,,
827,-41.09,22397.05,,
828,-41.8,22427,,
829,-42.01,22459.95,,
830,-42,22493.65,,
831,-41.22,22524.8,,
832,-41.04,22552.85,,
833,-40.91,22580.05,,
834,-40.81,22606.65,,
835,-41.34,22634.5,,
836,-41.49,22664.35,,
837,-41.48,22694.65,,
838,-39.71,22720.6,,
839,-40.99,22745.1,,
840,-41.55,22774.25,,
841,-39.73,22800.55,,
842,-42.88,22832.25,,
843,-42.01,22870.15,,
844,-41.35,22902.05,,
845,-40.02,22928.35,,
846,-40.33,22951.95,,
847,-42.23,22982.1,,
848,-41.81,23016.55,,
849,-41.86,23049.6,,
850,-40.79,23079.5,,
851,-40.77,23106.1,,
852,-41.2,23133.85,,
853,-39.34,23158.6,,
854,-39.61,23179.65,,
855,-40.42,23202.85,,
856,-40.92,23229,,
857,-41.56,23258.4,,
858,-41.84,23290.75,,
859,-40.7,23320.6,,
860,-41.72,23350.1,,
861,-41.76,23382.8,,
862,-41.16,23413.7,,
863,-42.02,23445.65,,
864,-40.07,23474.85,,
865,-41.1,23500.95,,
866,-41.96,23532.55,,
867,-40.73,23563.15,,
868,-42.63,23596.6,,
869,-42.16,23634.8,,
870,-42.66,23673.2,,
871,-42.47,23712.95,,
872,-43.56,23757.7,,
873,-41.31,23798.1,,
874,-42.56,23833.1,,
875,-41.54,23868.9,,
876,-40.74,23898.3,,
877,-42.02,23929.45,,
878,-41.16,23961.8,,
879,-41.32,23991.7,,
880,-41.6,24023.05,,
881,-41.07,24053.65,,
882,-40.43,24080.9,,
883,-41.66,24110.1,,
884,-41.32,24141.75,,
885,-40.06,24169,,
886,-40.59,24194.2,,
887,-40.76,24221.1,,
888,-41.65,24251.25,,
889,-40.78,24281.45,,
890,-40.02,24307.15,,
891,-40.8,24332.9,,
892,-42.41,24366.25,,
893,-41.91,24403.25,,
894,-41.09,24435.45,,
895,-40.72,24463.85,,
896,-42.12,24495.85,,
897,-41.37,24529.85,,
898,-41.48,24561.5,,
899,-40.08,24589.65,,
900,-40.54,24615.05,,
901,-42.75,24649.65,,
902,-41.16,24686,,
903,-41.09,24715.85,,
904,-41.31,24746.2,,
905,-41.42,24777.6,,
906,-41.1,24808.4,,
907,-40.28,24836,,
908,-42.77,24870.3,,
909,-40.09,24904.2,,
910,-40.62,24930.05,,
911,-42.13,24962.25,,
912,-41.8,24998.3,,
913,-40.27,25028.45,,
914,-39.91,25053.15,,
915,-40.41,25078.2,,
916,-40.19,25103.95,,
917,-41.95,25134.6,,
918,-42.22,25171.75,,
919,-40.41,25204.05,,
920,-41.59,25233.9,,
921,-42.09,25269.3,,
922,-41.78,25305.4,,
923,-39.77,25334.6,,
924,-40.93,25361,,
925,-39.2,25386.3,,
926,-37.27,25405.15,,
927,-38.88,25423.5,,
928,-38.48,25443.3,,
929,-37.8,25461.6,,
930,-37.86,25479.1,,
931,-38.89,25498.15,,
932,-38.38,25517.9,,
933,-38.41,25536.95,,
934,-37.34,25554.75,,
935,-37.13,25571.05,,
936,-36.61,25586.7,,
937,-37.12,25602.35,,
938,-39.81,25622.4,,
939,-40.79,25648.85,,
940,-41.12,25678.75,,
941,-41.45,25710.7,,
942,-40.09,25739.9,,
943,-41.57,25769.6,,
944,-41.23,25802.45,,
945,-42.4,25838.75,,
946,-41.65,25876.55,,
947,-42.95,25917.2,,
948,-40.45,25954.15,,
949,-41.9,25986.15,,
950,-41.59,26021.65,,
951,-41.63,26056.15,,
952,-40.5,26087.35,,
953,-40.89,26116.1,,
954,-41.6,26148.25,,
955,-42.07,26184.7,,
956,-42.09,26223.15,,
957,-41.94,26261.05,,
958,-40.98,26294.95,,
959,-41.48,26327.15,,
960,-41.46,26360.95,,
961,-38.57,26387.85,,
962,-38.51,26407.85,,
963,-39.81,26430.05,,
964,-37.61,26451.1,,
965,-37.77,26468.9,,
966,-38.37,26487.7,,
967,-37.83,26506.55,,
968,-38.89,26526.2,,
969,-37.42,26545.4,,
970,-37.4,26562.6,,
971,-38.16,26580.75,,
972,-38.36,26600.15,,
973,-37.85,26619.15,,
974,-37.47,26637,,
975,-38.53,26655.8,,
976,-40.73,26680.65,,
977,-41.83,26713.95,,
978,-41.5,26749.8,,
979,-41.96,26786.25,,
980,-40.95,26820.85,,
981,-40.6,26850.8,,
982,-42,26884.65,,
983,-41.17,26920.25,,
984,-40.99,26952.15,,
985,-39.85,26980.45,,
986,-42.53,27015,,
987,-41.64,27054.85,,
988,-41.21,27089.25,,
989,-43,27130.3,,
990,-41.49,27172.35,,
991,-41.51,27207.35,,
992,-42.27,27245.65,,
993,-40.32,27280.3,,
994,-42.9,27318.25,,
995,-42.15,27362.6,,
996,-42.58,27405.25,,
997,-43.06,27452.75,,
998,-41.28,27494.75,,
999,-42.34,27532.8,,
1000,-43.66,27583.3,,
1001,-41.34,27629.7,,
1002,-42.56,27669.2,,
1003,-40.82,27707,,
1004,-41.85,27741.5,,
1005,-41.49,27778.35,,
1006,-42.11,27816.35,,
1007,-43.25,27863.2,,
1008,-42.44,27911.7,,
1009,-41.72,27952.3,,
1010,-41.58,27989.15,,
1011,-42.07,28027.5,,
1012,-41.35,28065,,
1013,-42.49,28104.6,,
1014,-42.06,28147.1,,
1015,-41.24,28184.25,,
1016,-40.36,28215.5,,
1017,-40.24,28243.8,,
1018,-40.51,28272.55,,
1019,-39.69,28300,,
1020,-41.61,28331.1,,
1021,-42.46,28371.8,,
1022,-40.89,28410.05,,
1023,-41.8,28445.25,,
1024,-42.27,28485.9,,
1025,-42.36,28529.15,,
1026,-42.24,28572.3,,
1027,-41.78,28612.9,,
1028,-40.78,28647.85,,
1029,-42.18,28684.55,,
1030,-42.27,28727.15,,
1031,-41.3,28766.15,,
1032,-40.52,28798.55,,
1033,-42.48,28836.15,,
1034,-41.7,28877.85,,
1035,-42.47,28919.55,,
1036,-41.23,28959.5,,
1037,-41.63,28995.65,,
1038,-42,29034.9,,
1039,-42.25,29076.9,,
1040,-42.62,29122.1,,
1041,-42.38,29168,,
1042,-42.83,29215.1,,
1043,-41.69,29259.1,,
1044,-41.68,29297.45,,
1045,-42,29337.15,,
1046,-40.4,29372.55,,
1047,-42.18,29408.8,,
1048,-41.19,29447.55,,
1049,-41.63,29483.95,,
1050,-40.62,29518.55,,
1051,-40.65,29549.7,,
1052,-40.64,29580.9,,
1053,-40.15,29610.75,,
1054,-40.77,29641.05,,
1055,-40.57,29672.55,,
1056,-39.36,29700.45,,
1057,-38.63,29724,,
1058,-39.12,29747.1,,
1059,-39.05,29770.95,,
1060,-38.76,29794.15,,
1061,-38.61,29816.6,,
1062,-38.52,29838.7,,
1063,-38.94,29861.4,,
1064,-38.98,29884.85,,
1065,-38.41,29907.45,,
1066,-38.86,29929.9,,
1067,-38.6,29952.65,,
1068,-38.5,29974.8,,
1069,-38.53,29996.85,,
1070,-37.77,30017.85,,
1071,-39.19,30040.05,,
1072,-40.88,30069,,
1073,-41.83,30106.05,,
1074,-40.74,30142.7,,
1075,-41.02,30176.2,,
1076,-41.88,30214.05,,
1077,-41.3,30252.95,,
1078,-41.68,30291,,
1079,-41.52,30329.95,,
1080,-41.18,30367,,
1081,-42.24,30407.35,,
1082,-42.1,30451.6,,
1083,-41.83,30494,,
1084,-41.58,30534.1,,
1085,-43.35,30583,,
1086,-42.63,30637.1,,
1087,-41.86,30682.6,,
1088,-40.57,30719.35,,
1089,-41.42,30754.25,,
1090,-42.22,30795.75,,
1091,-40.89,30835.35,,
1092,-41.16,30870.4,,
1093,-40.43,30904.05,,
1094,-39.61,30933.15,,
1095,-39.54,30959.95,,
1096,-39.21,30985.95,,
1097,-39.52,31011.9,,
1098,-38.91,31037.25,,
1099,-38.41,31060.5,,
1100,-39.2,31084.35,,
1101,-38.97,31109.25,,
1102,-39.4,31134.6,,
1103,-38.88,31159.8,,
1104,-38.21,31182.8,,
1105,-37.38,31203.5,,
1106,-37.59,31223.35,,
1107,-38.74,31245.25,,
1108,-40.51,31273.2,,
1109,-41.8,31310.25,,
1110,-41.19,31349.65,,
1111,-41.46,31387.65,,
1112,-41.79,31428.2,,
1113,-41.2,31467.75,,
1114,-40.52,31502.5,,
1115,-41.37,31537.95,,
1116,-40.04,31572.1,,
1117,-41.22,31605.7,,
1118,-41.83,31645.7,,
1119,-41.55,31687.05,,
1120,-40.81,31724.35,,
1121,-41.22,31760.4,,
1122,-41.13,31797.65,,
1123,-41.78,31837.25,,
1124,-41.38,31877.85,,
1125,-40.78,31914.6,,
1126,-41.52,31951.95,,
1127,-40.42,31988.15,,
1128,-41.85,32025.9,,
1129,-40.7,32064.55,,
1130,-41.79,32103,,
1131,-41.21,32143.3,,
1132,-39.23,32175.35,,
1133,-40.02,32203.6,,
1134,-38.61,32230.65,,
1135,-39.35,32256.05,,
1136,-39.48,32283.25,,
1137,-39.79,32311.55,,
1138,-39.84,32340.75,,
1139,-40.27,32371.3,,
1140,-39.91,32402.05,,
1141,-39.39,32430.55,,
1142,-39.06,32457.1,,
1143,-39.37,32483.6,,
1144,-38.04,32508.35,,
1145,-38.02,32530.55,,
1146,-38.89,32554.25,,
1147,-38.56,32578.9,,
1148,-38.12,32602.2,,
1149,-37.54,32623.95,,
1150,-38.66,32646.65,,
1151,-37.45,32669.25,,
1152,-38.64,32691.8,,
1153,-38.34,32715.7,,
1154,-38.62,32739.6,,
1155,-38.5,32763.85,,
1156,-37.53,32786.4,,
1157,-37.4,32807.25,,
1158,-39.01,32830.6,,
1159,-37.16,32853.7,,
1160,-37.69,32874.55,,
1161,-38.45,32897.3,,
1162,-38.88,32922.1,,
1163,-39.65,32949.5,,
1164,-41.57,32985.2,,
1165,-41.94,33029.2,,
1166,-41.02,33070.95,,
1167,-40.7,33107.55,,
1168,-41.42,33145.85,,
1169,-41.01,33185.3,,
1170,-41.15,33223.65,,
1171,-41.5,33264.05,,
1172,-41.49,33305.95,,
1173,-42.02,33350.4,,
1174,-43.62,33408.35,,
1175,-41.67,33464.6,,
1176,-41.4,33507,,
1177,-40.7,33545.55,,
1178,-41.08,33582.85,,
1179,-41.53,33623.45,,
1180,-41.04,33663.95,,
1181,-42.3,33708.45,,
1182,-41.45,33754.65,,
1183,-42,33799.25,,
1184,-41.5,33844.1,,
1185,-40.65,33883.2,,
1186,-41.46,33922.25,,
1187,-41.03,33962.7,,
1188,-40.42,33999.2,,
1189,-39.89,34032,,
1190,-39.18,34061.45,,
1191,-40.08,34091.5,,
1192,-38.59,34120.35,,
1193,-38.61,34145.7,,
1194,-39.25,34172.45,,
1195,-38.93,34199.9,,
1196,-39.23,34227.35,,
1197,-40.34,34258.5,,
1198,-40.25,34292.4,,
1199,-40.55,34327,,
1200,-38.95,34358.3,,
1201,-39.27,34386,,
1202,-40.34,34417.4,,
1203,-39.68,34449.9,,
1204,-39.31,34479.55,,
1205,-39.55,34508.85,,
1206,-38.92,34537.3,,
1207,-39.23,34565,,
1208,-38.17,34591.3,,
1209,-38.77,34616.65,,
1210,-38.82,34643.25,,
1211,-38.18,34668.75,,
1212,-39.25,34695.25,,
1213,-37.31,34720.45,,
1214,-38.75,34744.55,,
1215,-38.84,34771.3,,
1216,-38.74,34798.05,,
1217,-38.78,34824.7,,
1218,-38.62,34851.15,,
1219,-38.65,34877.35,,
1220,-38.16,34902.75,,
1221,-38.45,34927.75,,
1222,-37.99,34952.5,,
1223,-38.01,34976.5,,
1224,-37.72,35000.1,,
1225,-39.13,35025.95,,
1226,-38.25,35052.65,,
1227,-37.86,35076.95,,
1228,-38.12,35101.05,,
1229,-38.15,35125.65,,
1230,-38.64,35151.3,,
1231,-38.43,35177.45,,
1232,-39.25,35204.95,,
1233,-37.59,35231.1,,
1234,-37.47,35253.9,,
1235,-38.1,35277.55,,
1236,-37.48,35301.25,,
1237,-37.37,35323.85,,
1238,-38.25,35347.7,,
1239,-37.66,35372,,
1240,-38.01,35395.95,,
1241,-37.72,35419.95,,
1242,-37.6,35443.35,,
1243,-38.07,35467.35,,
1244,-37.82,35491.7,,
1245,-38.2,35516.35,,
1246,-37.22,35540.1,,
1247,-37.72,35563.1,,
1248,-37.07,35585.95,,
1249,-37.76,35608.85,,
1250,-36.92,35631.55,,
1251,-36.79,35652.95,,
1252,-37.4,35675.05,,
1253,-36.36,35696.65,,
1254,-37.95,35719.1,,
1255,-37.56,35743.15,,
1256,-39.81,35771.45,,
1257,-40.58,35807.05,,
1258,-40.15,35843.75,,
1259,-40.42,35879.9,,
1260,-40.66,35917.85,,
1261,-40.62,35956.6,,
1262,-41.6,35999.5,,
1263,-41.11,36044.45,,
1264,-40.92,36086.3,,
1265,-42.46,36135.45,,
1266,-40.47,36183,,
1267,-42.74,36232.55,,
1268,-42.1,36289.7,,
1269,-41.81,36341.05,,
1270,-41.82,36390.85,,
1271,-41.87,36441.05,,
1272,-41.91,36491.8,,
1273,-40.92,36538.1,,
1274,-41.52,36582.35,,
1275,-41.67,36630.1,,
1276,-41.7,36678.9,,
1277,-42.57,36733.15,,
1278,-41.36,36785.75,,
1279,-41.44,36831.8,,
1280,-41.24,36877.35,,
1281,-42.83,36931.5,,
1282,-42.42,36992.25,,
1283,-41.86,37046.7,,
1284,-42.71,37103.25,,
1285,-41.3,37157,,
1286,-40.86,37200.5,,
1287,-41.47,37244.9,,
1288,-41.14,37290.55,,
1289,-41.54,37336.6,,
1290,-41.57,37384.75,,
1291,-41.65,37433.55,,
1292,-40.79,37478.85,,
1293,-40.37,37518.55,,
1294,-39.54,37554.1,,
1295,-40.17,37589,,
1296,-39.35,37623.4,,
1297,-37.7,37651.9,,
1298,-40.27,37683.2,,
1299,-40.93,37723.4,,
1300,-41.7,37769.95,,
1301,-40.13,37813.5,,
1302,-40.46,37851.5,,
1303,-40.97,37892.8,,
1304,-40.62,37934.75,,
1305,-40.99,37976.8,,
1306,-40.45,38018.25,,
1307,-40.91,38059.4,,
1308,-41.73,38106.45,,
1309,-42.27,38160.8,,
1310,-39.81,38207.15,,
1311,-42.05,38252.15,,
1312,-41.75,38305.4,,
1313,-40.92,38352.9,,
1314,-39.6,38391.6,,
1315,-40.61,38429.05,,
1316,-40.36,38469.05,,
1317,-40.23,38507.7,,
1318,-39.37,38543.2,,
1319,-39.12,38575.4,,
1320,-38.54,38605.65,,
1321,-39.1,38635.9,,
1322,-39.15,38667.6,,
1323,-39.5,38700.4,,
1324,-39.12,38733.15,,
1325,-38.72,38763.95,,
1326,-39.28,38795.25,,
1327,-38.98,38827.15,,
1328,-37.99,38856.2,,
1329,-38.31,38883.8,,
1330,-38.28,38911.95,,
1331,-38.11,38939.75,,
1332,-37.46,38966.1,,
1333,-37.82,38991.95,,
1334,-38.8,39020.45,,
1335,-40.33,39055.55,,
1336,-39.99,39094.05,,
1337,-40.85,39134.7,,
1338,-40.97,39179.25,,
1339,-42.09,39230.45,,
1340,-40.64,39280.25,,
1341,-41.66,39327.55,,
1342,-40.88,39375.95,,
1343,-42.33,39428.55,,
1344,-42.21,39488.45,,
1345,-40.76,39539.8,,
1346,-41.51,39587.05,,
1347,-42.52,39644.35,,
1348,-41.78,39703.25,,
1349,-40.14,39749.75,,
1350,-41.14,39792.85,,
1351,-39.49,39833.95,,
1352,-38.58,39866.45,,
1353,-39.91,39900.3,,
1354,-39.98,39938.1,,
1355,-39.72,39975.3,,
1356,-40.22,40013.45,,
1357,-40.23,40053.4,,
1358,-38.79,40089.05,,
1359,-40.11,40124.3,,
1360,-39.46,40161.4,,
1361,-39.96,40198.05,,
1362,-38.43,40232.1,,
1363,-38.7,40262.55,,
1364,-38.09,40292.3,,
1365,-39.01,40322.9,,
1366,-38.59,40354.6,,
1367,-38.52,40385.1,,
1368,-38.38,40415.25,,
1369,-38.68,40445.8,,
1370,-38.57,40476.75,,
1371,-38.87,40508.2,,
1372,-37.76,40538.05,,
1373,-37.37,40564.85,,
1374,-37.71,40591.6,,
1375,-37.06,40617.9,,
1376,-38.6,40646.05,,
1377,-38.05,40676,,
1378,-37.82,40704.35,,
1379,-37.93,40732.45,,
1380,-38.65,40762.35,,
1381,-38.87,40794.4,,
1382,-37.76,40824.6,,
1383,-38.35,40853.6,,
1384,-39.98,40888.4,,
1385,-40.86,40931.4,,
1386,-41.56,40981.65,,
1387,-42.25,41039.95,,
1388,-42.46,41104.3,,
1389,-41.67,41164.95,,
1390,-42.04,41222.65,,
1391,-42.06,41282.9,,
1392,-41.89,41342.25,,
1393,-40.99,41395.55,,
1394,-40.78,41442.85,,
1395,-41.71,41494.1,,
1396,-41.49,41549.1,,
1397,-41.18,41601.2,,
1398,-41.96,41656.2,,
1399,-41.35,41712.15,,
1400,-40.8,41761.75,,
1401,-41.31,41811.2,,
1402,-40.82,41860.8,,
1403,-39.84,41904.05,,
1404,-39.34,41941.8,,
1405,-39.2,41977.55,,
1406,-38.79,42011.8,,
1407,-38.23,42043.7,,
1408,-39.19,42076.7,,
1409,-39.85,42114.25,,
1410,-39.57,42153,,
1411,-40.2,42193.1,,
1412,-39.62,42233.45,,
1413,-39.69,42271.95,,
1414,-39.69,42310.7,,
1415,-39.52,42349,,
1416,-39.35,42386.25,,
1417,-38.78,42421.4,,
1418,-39.64,42457.55,,
1419,-39.97,42497.4,,
1420,-39.88,42538.1,,
1421,-39.59,42577.55,,
1422,-38.57,42613.15,,
1423,-39.1,42647.3,,
1424,-39.2,42683.15,,
1425,-39.01,42718.8,,
1426,-39.46,42755.3,,
1427,-38.89,42791.5,,
1428,-39.43,42827.7,,
1429,-39.49,42865.65,,
1430,-39.21,42903,,
1431,-38.89,42938.65,,
1432,-38.4,42972.1,,
1433,-37.98,43003.45,,
1434,-38.11,43034.2,,
1435,-38.1,43065.2,,
1436,-38.29,43096.7,,
1437,-38.16,43128.35,,
1438,-37.46,43158.3,,
1439,-38.44,43188.95,,
1440,-37.53,43219.8,,
1441,-38.29,43250.35,,
1442,-38.56,43283.1,,
1443,-37.7,43314.65,,
1444,-38.8,43346.9,,
1445,-37.81,43379.4,,
1446,-37.54,43409.05,,
1447,-37.94,43439,,
1448,-37.71,43469.35,,
1449,-37.65,43499.15,,
1450,-38.24,43530.1,,
1451,-37.68,43561.15,,
1452,-37.29,43590.35,,
1453,-37.03,43618.4,,
1454,-37.45,43646.75,,
1455,-37.8,43676.55,,
1456,-36.91,43705.5,,
1457,-37.79,43734.45,,
1458,-36.77,43763.2,,
1459,-37.46,43791.35,,
1460,-37.44,43820.65,,
1461,-37.72,43850.5,,
1462,-36.96,43879.55,,
1463,-36.83,43907.1,,
1464,-37.26,43935.15,,
1465,-37.52,43964.4,,
1466,-37.8,43994.75,,
1467,-37.27,44024.7,,
1468,-36.12,44051.95,,
1469,-37.25,44079.15,,
1470,-37.47,44108.5,,
1471,-37.85,44139.05,,
1472,-37.39,44169.5,,
1473,-37.07,44198.5,,
1474,-36.95,44226.75,,
1475,-36.47,44254.1,,
1476,-36.59,44280.95,,
1477,-36.63,44308.1,,
1478,-36.47,44335.05,,
1479,-36.25,44361.5,,
1480,-36.15,44387.55,,
1481,-37.41,44415.5,,
1482,-40.7,44455.9,,
1483,-40.74,44506.95,,
1484,-40.72,44558.2,,
1485,-41.43,44613.35,,
1486,-41.21,44671.2,,
1487,-41.17,44727.6,,
1488,-40.85,44782.05,,
1489,-41.22,44836.85,,
1490,-40.52,44890.1,,
1491,-39.98,44937.35,,
1492,-40.72,44985.65,,
1493,-40.71,45037.35,,
1494,-40.23,45086.75,,
1495,-42.02,45144.35,,
1496,-39.91,45200.7,,
1497,-41.68,45254.7,,
1498,-40.98,45313.8,,
1499,-41.09,45369.25,,
1500,-41.6,45428.55,,
1501,-42.01,45494,,
1502,-40.89,45555.25,,
1503,-41.42,45612.5,,
1504,-41.21,45671.6,,
1505,-41.42,45730.8,,
1506,-40.57,45786.65,,
1507,-40.42,45837.05,,
1508,-41.17,45890.75,,
1509,-39.92,45942.35,,
1510,-39.04,45984.7,,
1511,-38.86,46023.4,,
1512,-39.75,46064.65,,
1513,-41.06,46115.2,,
1514,-39.37,46164.4,,
1515,-39.44,46206.3,,
1516,-39.93,46250.4,,
1517,-38.79,46292.4,,
1518,-38.32,46329.15,,
1519,-39.27,46367.5,,
1520,-38.17,46405.55,,
1521,-38.51,46441.35,,
1522,-38.47,46477.95,,
1523,-38.8,46515.4,,
1524,-40.11,46558.6,,
1525,-38.59,46601.25,,
1526,-38.39,46638,,
1527,-38.01,46673.3,,
1528,-38.01,46707.75,,
1529,-38.31,46742.95,,
1530,-40.35,46786.2,,
1531,-41.55,46843.65,,
1532,-40.32,46901,,
1533,-39.85,46949.4,,
1534,-40.41,46998.25,,
1535,-39.92,47047.45,,
1536,-39.38,47092.45,,
1537,-40.13,47138.4,,
1538,-38.56,47181.8,,
1539,-39.32,47222,,
1540,-39.2,47264.2,,
1541,-39.16,47305.95,,
1542,-39.38,47348.4,,
1543,-40.38,47395.85,,
1544,-39.29,47443.05,,
1545,-40.3,47489.95,,
1546,-38.78,47535.25,,
1547,-39.57,47577.45,,
1548,-39.11,47620.75,,
1549,-40.02,47666,,
1550,-39.86,47714.15,,
1551,-39.57,47760.45,,
1552,-39.28,47804.55,,
1553,-39.57,47848.75,,
1554,-39.53,47893.95,,
1555,-39.59,47939.3,,
1556,-38.86,47982.35,,
1557,-39.04,48023.45,,
1558,-39.51,48066.85,,
1559,-38.9,48109.85,,
1560,-39.47,48152.8,,
1561,-39.36,48197.4,,
1562,-39.04,48240.5,,
1563,-39.51,48284.2,,
1564,-39.86,48331.05,,
1565,-39.37,48377.45,,
1566,-38.8,48420.05,,
1567,-39.68,48463.9,,
1568,-39.45,48510.05,,
1569,-38.86,48553.3,,
1570,-39.64,48597.35,,
1571,-39.08,48642.2,,
1572,-39.74,48687.5,,
1573,-38.8,48731.95,,
1574,-39.33,48774.85,,
1575,-39.76,48821.3,,
1576,-39.13,48867.1,,
1577,-38.48,48908.45,,
1578,-38.9,48949.1,,
1579,-38.88,48991.05,,
1580,-38.85,49032.85,,
1581,-39.36,49076.4,,
1582,-39.75,49123.4,,
1583,-39.56,49171.25,,
1584,-39.17,49216.85,,
1585,-38.58,49259.05,,
1586,-38.44,49299,,
1587,-38.26,49338.1,,
1588,-37.61,49375.05,,
1589,-38.61,49413.05,,
1590,-38.3,49452.9,,
1591,-38.73,49493.2,,
1592,-38.39,49533.8,,
1593,-38.2,49572.85,,
1594,-37.97,49610.8,,
1595,-39.08,49651.6,,
1596,-38.97,49695.4,,
1597,-38,49735.95,,
1598,-37.9,49773.45,,
1599,-38.25,49811.65,,
1600,-37.79,49849.6,,
1601,-38.13,49887.3,,
1602,-38.6,49927.3,,
1603,-38.4,49968.1,,
1604,-37.99,50007.2,,
1605,-38,50045.25,,
1606,-38.68,50085.4,,
1607,-37.4,50124.15,,
1608,-38.21,50161.5,,
1609,-37.34,50198.75,,
1610,-37.71,50234.75,,
1611,-37.9,50272.15,,
1612,-38.4,50311.45,,
1613,-37.84,50350.65,,
1614,-38.18,50389.3,,
1615,-38.52,50429.9,,
1616,-37.92,50469.85,,
1617,-37.57,50507.3,,
1618,-37.91,50544.75,,
1619,-37.89,50583,,
1620,-37.5,50620.35,,
1621,-37.96,50657.95,,
1622,-37.56,50695.7,,
1623,-37.74,50732.95,,
1624,-38.21,50771.95,,
1625,-38.03,50811.75,,
1626,-37.99,50851,,
1627,-37.47,50888.9,,
1628,-37.95,50926.75,,
1629,-37.52,50964.75,,
1630,-37.79,51002.4,,
1631,-37.95,51041.2,,
1632,-37.27,51078.8,,
1633,-38.13,51116.95,,
1634,-37.77,51156.3,,
1635,-37.35,51193.75,,
1636,-37.28,51230.1,,
1637,-37.6,51267.1,,
1638,-37.4,51304.4,,
1639,-37.69,51341.95,,
1640,-37.29,51379.35,,
1641,-37.61,51416.6,,
1642,-37.88,51455.35,,
1643,-37.31,51493.45,,
1644,-36.97,51529.4,,
1645,-37.95,51567,,
1646,-37.45,51605.8,,
1647,-36.29,51641,,
1648,-36.59,51674.4,,
1649,-37.34,51710,,
1650,-38.38,51750,,
1651,-39.7,51797.9,,
1652,-36.68,51841.65,,
1653,-36.95,51876.7,,
1654,-37.89,51914.6,,
1655,-37.94,51955,,
1656,-36.13,51991.65,,
1657,-38.9,52031.4,,
1658,-41.7,52094.3,,
1659,-40.6,52165.4,,
1660,-41.14,52232.2,,
1661,-40.5,52298.45,,
1662,-41.64,52368.7,,
1663,-40.95,52441.95,,
1664,-40.72,52508.55,,
1665,-40.09,52570.1,,
1666,-41.07,52634.1,,
1667,-40.24,52698.95,,
1668,-37.88,52749.25,,
1669,-36.82,52787.7,,
1670,-39.66,52832.7,,
1671,-41.03,52894.7,,
1672,-41.48,52968.15,,
1673,-40.63,53039,,
1674,-40.79,53104.9,,
1675,-40.46,53169.85,,
1676,-38.92,53225.45,,
1677,-37.45,53269.2,,
1678,-37.85,53309.5,,
1679,-38.12,53351.7,,
1680,-38.53,53396.05,,
1681,-37.81,53439.55,,
1682,-37.28,53479.55,,
1683,-36.83,53517.25,,
1684,-38.28,53557.75,,
1685,-41.03,53615.6,,
1686,-40.31,53682.4,,
1687,-41.21,53750.6,,
1688,-40.94,53822.95,,
1689,-39.78,53886.55,,
1690,-40.14,53945.2,,
1691,-40.64,54008.85,,
1692,-41.76,54084.2,,
1693,-39.92,54155.45,,
1694,-40.06,54214.75,,
1695,-38.78,54269.05,,
1696,-39.26,54319.55,,
1697,-38.66,54369.7,,
1698,-38.16,54415.85,,
1699,-38.71,54462.2,,
1700,-38.48,54509.7,,
1701,-38.55,54556.75,,
1702,-39.2,54606.6,,
1703,-38.8,54657.4,,
1704,-38.71,54706.35,,
1705,-38.39,54753.9,,
1706,-38.29,54800.05,,
1707,-38.19,54845.6,,
1708,-38.44,54891.7,,
1709,-37.99,54937.3,,
1710,-38.44,54982.95,,
1711,-38.77,55031.3,,
1712,-38.23,55079.05,,
1713,-37.95,55124.05,,
1714,-38.65,55170.6,,
1715,-38.71,55219.8,,
1716,-38.67,55269.1,,
1717,-38.23,55316.85,,
1718,-37.75,55361.65,,
1719,-37.5,55404.25,,
1720,-37.58,55446.45,,
1721,-37.11,55487.75,,
1722,-38.26,55531.2,,
1723,-36.93,55574.25,,
1724,-37.22,55614.35,,
1725,-37.41,55655.7,,
1726,-38.26,55700.15,,
1727,-37.07,55743.85,,
1728,-37.06,55784.15,,
1729,-39.38,55832.4,,
1730,-39.38,55888.65,,
1731,-38.55,55941.5,,
1732,-36.85,55986,,
1733,-37.25,56026.55,,
1734,-40.12,56079.55,,
1735,-40.31,56145.25,,
1736,-40.34,56212.35,,
1737,-40.58,56281.3,,
1738,-38.87,56342.85,,
1739,-38.49,56393.9,,
1740,-36.67,56438.3,,
1741,-38.06,56481.3,,
1742,-37.1,56525.4,,
1743,-38.04,56569.45,,
1744,-39.17,56620.6,,
1745,-37.03,56669,,
1746,-37.31,56710.95,,
1747,-36.32,56751.4,,
1748,-36.85,56790.75,,
1749,-36.2,56829.95,,
1750,-37.11,56869.85,,
1751,-39.75,56921.75,,
1752,-39.93,56984.75,,
1753,-40.73,57054,,
1754,-38.79,57117.75,,
1755,-36.18,57163.4,,
1756,-36.28,57201.75,,
1757,-38.26,57245.7,,
1758,-39.6,57300.9,,
1759,-40.79,57369.4,,
1760,-40.32,57442.2,,
1761,-41.07,57517.35,,
1762,-40.35,57592.8,,
1763,-41.87,57675.8,,
1764,-41.1,57764.45,,
1765,-40.81,57843.75,,
1766,-41.54,57927.1,,
1767,-41.02,58012.2,,
1768,-39.95,58085.45,,
1769,-40.54,58155.2,,
1770,-39.98,58225.2,,
1771,-40.24,58293.3,,
1772,-40.35,58363.85,,
1773,-40.48,58436.1,,
1774,-41.04,58513.6,,
1775,-40.1,58588.7,,
1776,-39.02,58651.4,,
1777,-40.5,58716.9,,
1778,-40.74,58792.7,,
1779,-39.71,58863.6,,
1780,-40.96,58936.35,,
1781,-41.21,59019.8,,
1782,-40.79,59102.05,,
1783,-41.23,59184.6,,
1784,-41.44,59272.8,,
1785,-41.33,59362.1,,
1786,-41.63,59453.45,,