ds,y
29/03/1958,316.19
05/04/1958,317.31
12/04/1958,317.69
19/04/1958,317.58
26/04/1958,316.48
03/05/1958,316.95
17/05/1958,317.56
24/05/1958,317.99
05/07/1958,315.85
12/07/1958,315.85
19/07/1958,315.46
26/07/1958,315.59
02/08/1958,315.64
09/08/1958,315.1
16/08/1958,315.09
30/08/1958,314.14
06/09/1958,313.54
08/11/1958,313.05
15/11/1958,313.26
22/11/1958,313.57
29/11/1958,314.01
06/12/1958,314.56
13/12/1958,314.41
20/12/1958,314.77
27/12/1958,315.21
03/01/1959,315.24
10/01/1959,315.5
17/01/1959,315.69
24/01/1959,315.86
31/01/1959,315.42
14/02/1959,316.94
21/02/1959,316.61
28/02/1959,316.62
07/03/1959,316.81
21/03/1959,316.73
28/03/1959,316.71
04/04/1959,317.72
11/04/1959,317.12
18/04/1959,317.64
25/04/1959,318.32
02/05/1959,318.27
09/05/1959,318.78
16/05/1959,318.05
23/05/1959,318.43
06/06/1959,318.53
13/06/1959,318.14
20/06/1959,317.88
27/06/1959,317.76
04/07/1959,316.86
11/07/1959,316.83
18/07/1959,316.45
25/07/1959,316.16
01/08/1959,315.62
08/08/1959,314.91
22/08/1959,315
29/08/1959,314.15
05/09/1959,314.45
12/09/1959,313.93
19/09/1959,313.57
26/09/1959,313.54
03/10/1959,313.04
10/10/1959,313.15
17/10/1959,313.43
24/10/1959,313.46
31/10/1959,314.12
07/11/1959,314.42
14/11/1959,314.88
21/11/1959,315.2
28/11/1959,315.11
05/12/1959,315.06
12/12/1959,315.64
19/12/1959,315.86
26/12/1959,315.77
02/01/1960,315.72
09/01/1960,316.4
16/01/1960,316.73
23/01/1960,316.57
30/01/1960,316.68
06/02/1960,316.61
13/02/1960,316.98
20/02/1960,317.42
27/02/1960,317
05/03/1960,316.96
12/03/1960,317.76
19/03/1960,318.07
26/03/1960,317.77
02/04/1960,318.61
09/04/1960,319.34
16/04/1960,319.01
23/04/1960,319.03
30/04/1960,319.77
07/05/1960,319.96
14/05/1960,319.82
21/05/1960,320.04
28/05/1960,320.06
04/06/1960,319.46
11/06/1960,320.08
18/06/1960,319.42
25/06/1960,319.09
02/07/1960,318.18
09/07/1960,318.64
16/07/1960,318.41
23/07/1960,317.91
30/07/1960,317.33
06/08/1960,316.62
13/08/1960,316.7
20/08/1960,315.1
27/08/1960,314.78
03/09/1960,314.72
10/09/1960,314.58
17/09/1960,314.28
24/09/1960,313.33
01/10/1960,313.66
08/10/1960,313.32
15/10/1960,313.92
22/10/1960,314.21
29/10/1960,314.29
05/11/1960,314.5
12/11/1960,315.1
19/11/1960,315.1
26/11/1960,315.41
03/12/1960,315.84
10/12/1960,316.07
17/12/1960,316.21
24/12/1960,316.4
31/12/1960,316.67
07/01/1961,316.73
14/01/1961,317.02
21/01/1961,317.03
28/01/1961,317.01
04/02/1961,317.06
11/02/1961,317.75
18/02/1961,317.94
25/02/1961,318
04/03/1961,318.04
11/03/1961,318.51
18/03/1961,318.92
25/03/1961,318.71
01/04/1961,319.41
08/04/1961,319.55
15/04/1961,318.9
22/04/1961,319.74
29/04/1961,319.67
06/05/1961,320.67
13/05/1961,320.46
20/05/1961,320.61
27/05/1961,320.36
03/06/1961,320.09
10/06/1961,320.02
17/06/1961,319.62
24/06/1961,319.49
01/07/1961,319.26
08/07/1961,319.07
15/07/1961,318.49
22/07/1961,317.16
29/07/1961,317.97
05/08/1961,317.91
12/08/1961,317.33
19/08/1961,316.76
26/08/1961,315.26
02/09/1961,315.28
09/09/1961,314.97
16/09/1961,314.53
23/09/1961,315.06
30/09/1961,315.61
07/10/1961,314.97
14/10/1961,315.43
21/10/1961,315.48
28/10/1961,315.72
04/11/1961,315.82
11/11/1961,315.7
18/11/1961,316.21
25/11/1961,316.55
02/12/1961,316.52
09/12/1961,317.02
16/12/1961,316.94
23/12/1961,317.18
30/12/1961,317.46
06/01/1962,317.99
13/01/1962,318.12
20/01/1962,318.07
27/01/1962,317.78
03/02/1962,318.08
10/02/1962,318.35
17/02/1962,318.92
24/02/1962,319.38
03/03/1962,319.28
10/03/1962,319.46
17/03/1962,319.95
24/03/1962,319.78
31/03/1962,320.27
07/04/1962,320.26
14/04/1962,321.03
21/04/1962,320.78
28/04/1962,320.36
05/05/1962,320.89
12/05/1962,320.78
19/05/1962,321.05
26/05/1962,321.16
02/06/1962,320.91
09/06/1962,320.87
16/06/1962,320.52
23/06/1962,320.15
30/06/1962,320.23
07/07/1962,320.1
14/07/1962,319.95
21/07/1962,319.01
28/07/1962,318.75
04/08/1962,318.68
11/08/1962,317.24
18/08/1962,317.48
15/09/1962,316.65
22/09/1962,315.72
29/09/1962,315.92
06/10/1962,315.1
13/10/1962,315.4
20/10/1962,315.72
27/10/1962,315.78
03/11/1962,315.94
10/11/1962,316.49
17/11/1962,316.92
24/11/1962,317.08
01/12/1962,317.19
08/12/1962,317.31
15/12/1962,317.66
22/12/1962,318.18
05/01/1963,318.54
12/01/1963,318.73
19/01/1963,318.9
26/01/1963,318.82
02/02/1963,318.77
09/02/1963,318.95
23/02/1963,319.37
02/03/1963,319.35
09/03/1963,319.7
16/03/1963,319.8
23/03/1963,320.34
30/03/1963,320.29
06/04/1963,320.38
13/04/1963,320.96
20/04/1963,322.05
27/04/1963,321.92
11/05/1963,321.97
18/05/1963,322.28
25/05/1963,322.27
01/06/1963,322.32
08/06/1963,322.09
15/06/1963,321.83
22/06/1963,320.88
29/06/1963,320.49
06/07/1963,320.12
13/07/1963,319.82
20/07/1963,319.56
27/07/1963,319.06
03/08/1963,318.6
10/08/1963,318.27
17/08/1963,317.73
24/08/1963,317.12
31/08/1963,316.44
07/09/1963,316.81
14/09/1963,315.99
21/09/1963,316.03
28/09/1963,315.93
05/10/1963,316.28
12/10/1963,315.65
19/10/1963,316.14
26/10/1963,316.36
02/11/1963,316.63
09/11/1963,316.83
16/11/1963,317.13
30/11/1963,317.56
07/12/1963,318.07
14/12/1963,318.27
21/12/1963,318.59
28/12/1963,318.74
04/01/1964,319.04
11/01/1964,319.49
18/01/1964,319.88
30/05/1964,322.07
06/06/1964,322.06
27/06/1964,321.57
04/07/1964,321.14
11/07/1964,319.95
18/07/1964,320.28
25/07/1964,320.02
01/08/1964,319.14
15/08/1964,318.61
22/08/1964,318.23
29/08/1964,318.11
05/09/1964,317.48
12/09/1964,316.57
19/09/1964,315.59
26/09/1964,317.01
03/10/1964,316.93
10/10/1964,316.51
17/10/1964,316.86
24/10/1964,317.05
31/10/1964,317.65
07/11/1964,317.77
14/11/1964,317.65
21/11/1964,317.52
28/11/1964,318.11
05/12/1964,318.42
12/12/1964,318.58
19/12/1964,318.93
26/12/1964,318.91
02/01/1965,319.08
09/01/1965,319.17
16/01/1965,319.16
23/01/1965,319.79
30/01/1965,320.12
06/02/1965,320.2
13/02/1965,320.16
20/02/1965,320.7
27/02/1965,320.89
06/03/1965,321.07
13/03/1965,320.98
20/03/1965,320.49
27/03/1965,321.4
03/04/1965,321.95
10/04/1965,322.27
17/04/1965,322.17
24/04/1965,321.86
01/05/1965,322.46
08/05/1965,322.22
15/05/1965,321.94
22/05/1965,321.69
29/05/1965,322.26
05/06/1965,321.87
12/06/1965,321.77
19/06/1965,321.77
26/06/1965,321.99
03/07/1965,321.97
10/07/1965,321.85
17/07/1965,321.76
24/07/1965,320.47
31/07/1965,319.49
07/08/1965,319.47
14/08/1965,318.02
21/08/1965,318.82
28/08/1965,318.73
04/09/1965,318.39
11/09/1965,318.05
18/09/1965,318.26
25/09/1965,316.85
02/10/1965,316.6
09/10/1965,317.26
16/10/1965,317.86
23/10/1965,317.56
30/10/1965,317.63
06/11/1965,318.3
13/11/1965,319.26
20/11/1965,318.99
27/11/1965,319.17
04/12/1965,319.09
11/12/1965,319.37
18/12/1965,319.39
25/12/1965,319.7
01/01/1966,319.69
08/01/1966,320.49
15/01/1966,320.63
22/01/1966,321.09
29/01/1966,321.16
05/02/1966,321.26
12/02/1966,321.75
19/02/1966,321.67
26/02/1966,321.8
05/03/1966,322.1
12/03/1966,322.14
19/03/1966,322.57
26/03/1966,322.86
02/04/1966,323.55
09/04/1966,323.62
16/04/1966,323.88
23/04/1966,323.91
30/04/1966,323.53
07/05/1966,324
14/05/1966,324.1
21/05/1966,323.72
28/05/1966,324.31
04/06/1966,324.02
11/06/1966,323.88
18/06/1966,323.75
25/06/1966,323.32
02/07/1966,322.82
09/07/1966,322.9
06/08/1966,321.31
13/08/1966,320.85
20/08/1966,319.16
27/08/1966,319.64
03/09/1966,319.94
10/09/1966,318.22
17/09/1966,318.46
24/09/1966,318.31
01/10/1966,317.9
08/10/1966,317.9
15/10/1966,318.21
22/10/1966,318.61
29/10/1966,318.39
12/11/1966,319.59
19/11/1966,320.03
26/11/1966,320.24
03/12/1966,320.8
10/12/1966,320.87
17/12/1966,321.16
24/12/1966,321.31
31/12/1966,321.37
07/01/1967,321.92
14/01/1967,322.93
04/02/1967,322.19
11/02/1967,322.23
18/02/1967,322.86
25/02/1967,322.6
04/03/1967,322.94
11/03/1967,322.6
18/03/1967,323.33
25/03/1967,323.24
01/04/1967,323.15
08/04/1967,324.21
15/04/1967,324.41
22/04/1967,324.6
29/04/1967,325.16
06/05/1967,325.26
13/05/1967,324.78
20/05/1967,325.09
27/05/1967,324.94
03/06/1967,324.95
10/06/1967,324.65
17/06/1967,323.31
24/06/1967,323.5
01/07/1967,322.89
08/07/1967,322.85
15/07/1967,322.45
22/07/1967,322.4
29/07/1967,322.04
05/08/1967,321.65
12/08/1967,321.4
19/08/1967,320.48
26/08/1967,320.01
02/09/1967,320.07
09/09/1967,319.43
16/09/1967,319.35
23/09/1967,319.03
30/09/1967,318.81
07/10/1967,318.88
14/10/1967,319.86
21/10/1967,319.47
28/10/1967,319.86
04/11/1967,320.01
11/11/1967,320.34
18/11/1967,320.91
25/11/1967,321.54
02/12/1967,321.4
09/12/1967,321.89
16/12/1967,322.29
23/12/1967,321.98
30/12/1967,322.3
06/01/1968,322.46
13/01/1968,322.5
20/01/1968,322.59
27/01/1968,322.83
03/02/1968,322.66
10/02/1968,323.17
17/02/1968,323.46
24/02/1968,323.18
02/03/1968,323.15
09/03/1968,323.85
16/03/1968,323.85
23/03/1968,324.21
30/03/1968,324.77
06/04/1968,324.79
13/04/1968,325.04
20/04/1968,324.84
27/04/1968,325.45
04/05/1968,325.63
11/05/1968,325.09
18/05/1968,325.52
25/05/1968,325.86
01/06/1968,325.67
08/06/1968,325.71
15/06/1968,325.56
22/06/1968,324.99
29/06/1968,324.63
06/07/1968,324.7
13/07/1968,324.13
20/07/1968,323.94
27/07/1968,323.4
03/08/1968,322.49
10/08/1968,322.27
17/08/1968,322.02
24/08/1968,321.74
31/08/1968,321.42
07/09/1968,320.44
14/09/1968,321.18
21/09/1968,319.78
28/09/1968,319.89
05/10/1968,320.57
12/10/1968,320.52
19/10/1968,320.26
26/10/1968,319.92
02/11/1968,320.7
09/11/1968,320.89
16/11/1968,321.4
23/11/1968,321.78
30/11/1968,322.06
07/12/1968,322.44
14/12/1968,322.91
21/12/1968,323.33
28/12/1968,323.19
04/01/1969,323.39
11/01/1969,324.06
18/01/1969,324.36
25/01/1969,324.14
01/02/1969,324.16
08/02/1969,323.92
15/02/1969,324.37
22/02/1969,324.86
01/03/1969,325.14
08/03/1969,325.58
15/03/1969,325.72
22/03/1969,325.96
29/03/1969,325.89
05/04/1969,326.27
12/04/1969,327.13
19/04/1969,326.58
26/04/1969,326.57
03/05/1969,327.52
10/05/1969,327.82
17/05/1969,326.86
24/05/1969,326.92
31/05/1969,327.43
07/06/1969,326.51
14/06/1969,326.78
21/06/1969,326.73
28/06/1969,326.37
05/07/1969,326.16
12/07/1969,326.07
19/07/1969,325.72
26/07/1969,325.47
02/08/1969,324.5
09/08/1969,324.56
16/08/1969,323.14
23/08/1969,322.56
30/08/1969,323.14
06/09/1969,322.21
13/09/1969,322.79
20/09/1969,322.84
27/09/1969,321.96
04/10/1969,321.5
11/10/1969,321.82
18/10/1969,322
25/10/1969,321.93
01/11/1969,322.21
08/11/1969,322.64
15/11/1969,322.78
22/11/1969,323.1
29/11/1969,323.52
06/12/1969,323.91
13/12/1969,323.99
20/12/1969,324.22
27/12/1969,324.5
03/01/1970,324.7
10/01/1970,325.4
17/01/1970,325.05
24/01/1970,324.8
31/01/1970,325.55
07/02/1970,325.7
14/02/1970,326.02
21/02/1970,326.32
28/02/1970,326.17
07/03/1970,326.85
14/03/1970,326.8
21/03/1970,327.51
28/03/1970,326.95
04/04/1970,328.2
11/04/1970,327.84
18/04/1970,327.81
25/04/1970,328.55
02/05/1970,327.99
09/05/1970,327.56
16/05/1970,328.03
23/05/1970,328.33
30/05/1970,327.98
06/06/1970,327.55
13/06/1970,327.86
20/06/1970,327.71
27/06/1970,327.23
04/07/1970,327.29
11/07/1970,326.24
18/07/1970,326.28
25/07/1970,325.63
01/08/1970,325.24
08/08/1970,325.21
15/08/1970,324.86
22/08/1970,324.84
29/08/1970,323.33
05/09/1970,322.97
12/09/1970,323.58
19/09/1970,323.18
26/09/1970,323.15
03/10/1970,323.21
10/10/1970,323.56
17/10/1970,322.92
24/10/1970,323.02
31/10/1970,323.18
07/11/1970,323.69
14/11/1970,323.76
21/11/1970,324.23
28/11/1970,324.71
05/12/1970,324.73
12/12/1970,325
19/12/1970,325.29
26/12/1970,325.58
02/01/1971,325.77
09/01/1971,325.89
16/01/1971,325.9
23/01/1971,326.72
30/01/1971,326.68
06/02/1971,326.55
13/02/1971,326.49
20/02/1971,326.79
27/02/1971,327.05
06/03/1971,327.15
13/03/1971,327.34
20/03/1971,327.08
27/03/1971,327.45
03/04/1971,327.44
10/04/1971,327.1
17/04/1971,327.71
24/04/1971,328.56
01/05/1971,328.2
08/05/1971,329.07
15/05/1971,329.28
22/05/1971,328.92
29/05/1971,328.81
05/06/1971,328.56
12/06/1971,328.8
19/06/1971,328.18
26/06/1971,328.52
03/07/1971,327.92
10/07/1971,327.88
17/07/1971,327.55
24/07/1971,326.21
31/07/1971,326.74
07/08/1971,326.12
14/08/1971,325.61
21/08/1971,325.39
28/08/1971,324.04
04/09/1971,323.65
11/09/1971,323.51
18/09/1971,323.26
25/09/1971,323.3
02/10/1971,323.32
09/10/1971,322.95
16/10/1971,323.52
23/10/1971,323.69
30/10/1971,324.4
06/11/1971,324.36
13/11/1971,324.53
20/11/1971,325.04
27/11/1971,325.51
04/12/1971,325.38
11/12/1971,325.93
18/12/1971,326.28
25/12/1971,326.35
01/01/1972,326.61
08/01/1972,326.67
15/01/1972,326.62
22/01/1972,326.68
29/01/1972,327.24
05/02/1972,327.4
12/02/1972,327.95
19/02/1972,327.83
26/02/1972,327.42
04/03/1972,327.58
11/03/1972,327.16
18/03/1972,327.78
25/03/1972,328.62
01/04/1972,328.97
08/04/1972,329.47
15/04/1972,329.83
22/04/1972,330.13
29/04/1972,330.02
06/05/1972,330.04
13/05/1972,329.75
20/05/1972,330.11
27/05/1972,330.21
03/06/1972,329.71
10/06/1972,329.15
17/06/1972,329.04
24/06/1972,328.52
01/07/1972,328.63
08/07/1972,328.3
15/07/1972,327.72
22/07/1972,328.14
29/07/1972,327.51
05/08/1972,326.92
12/08/1972,326.66
19/08/1972,326.57
26/08/1972,325.05
02/09/1972,325.4
09/09/1972,325.77
16/09/1972,324.81
23/09/1972,324.26
30/09/1972,324.23
07/10/1972,324.88
14/10/1972,325.52
21/10/1972,325.11
28/10/1972,325.86
04/11/1972,326.32
11/11/1972,326.13
18/11/1972,326.44
25/11/1972,326.98
02/12/1972,326.94
09/12/1972,327.16
16/12/1972,327.6
23/12/1972,327.91
30/12/1972,328.26
06/01/1973,328.4
13/01/1973,328.44
20/01/1973,328.66
27/01/1973,328.86
03/02/1973,329.19
10/02/1973,329.53
17/02/1973,329.67
24/02/1973,329.7
03/03/1973,329.95
10/03/1973,330.11
17/03/1973,330.55
24/03/1973,330.83
31/03/1973,330.68
07/04/1973,331.22
14/04/1973,331.1
21/04/1973,331.94
28/04/1973,332.16
05/05/1973,332.21
12/05/1973,332.35
19/05/1973,332.63
26/05/1973,332.58
02/06/1973,332.27
09/06/1973,332.58
16/06/1973,332.02
23/06/1973,331.63
30/06/1973,331.43
07/07/1973,331.53
14/07/1973,331.07
21/07/1973,330.08
28/07/1973,330.13
04/08/1973,330.05
11/08/1973,329.54
18/08/1973,329.36
25/08/1973,328.53
01/09/1973,328.45
08/09/1973,327.65
15/09/1973,327.81
22/09/1973,327.1
29/09/1973,326.6
06/10/1973,327.05
13/10/1973,327.4
20/10/1973,327.48
27/10/1973,327.18
03/11/1973,327.59
10/11/1973,328.02
17/11/1973,328.2
24/11/1973,328.57
01/12/1973,329.05
08/12/1973,328.7
15/12/1973,328.65
22/12/1973,328.24
29/12/1973,328.71
05/01/1974,328.91
12/01/1974,329.29
19/01/1974,329.41
26/01/1974,329.85
02/02/1974,330.54
09/02/1974,330.81
16/02/1974,330.61
23/02/1974,330.68
02/03/1974,330.79
09/03/1974,331.2
16/03/1974,332.11
23/03/1974,332
30/03/1974,331.56
06/04/1974,332.47
13/04/1974,332.14
20/04/1974,332.93
27/04/1974,333.17
04/05/1974,332.95
11/05/1974,333.09
18/05/1974,333.27
25/05/1974,332.87
01/06/1974,332.93
08/06/1974,332.03
15/06/1974,332.03
22/06/1974,332.26
29/06/1974,331.73
06/07/1974,331.73
13/07/1974,331.29
20/07/1974,330.47
27/07/1974,331.02
03/08/1974,330.09
10/08/1974,329.92
17/08/1974,329.29
24/08/1974,328.97
31/08/1974,328.19
07/09/1974,328.03
14/09/1974,327.35
21/09/1974,326.91
28/09/1974,327.38
05/10/1974,327.39
12/10/1974,327.06
19/10/1974,327.56
26/10/1974,327.7
02/11/1974,327.99
09/11/1974,328.09
16/11/1974,328.83
23/11/1974,328.65
30/11/1974,328.75
07/12/1974,329.5
14/12/1974,329.73
21/12/1974,329.82
28/12/1974,329.78
04/01/1975,329.93
11/01/1975,329.82
18/01/1975,330.27
25/01/1975,331.13
01/02/1975,331.18
08/02/1975,331.47
15/02/1975,331
22/02/1975,331.72
01/03/1975,331.88
08/03/1975,331.61
15/03/1975,331.96
22/03/1975,332.27
29/03/1975,332.58
05/04/1975,333.03
12/04/1975,333.58
19/04/1975,333.54
26/04/1975,333.13
03/05/1975,333.94
10/05/1975,333.93
17/05/1975,333.76
24/05/1975,333.73
31/05/1975,334.13
07/06/1975,333.87
14/06/1975,333.38
21/06/1975,333.45
28/06/1975,333.19
05/07/1975,332.71
12/07/1975,332.05
19/07/1975,331.05
26/07/1975,331.57
02/08/1975,330.83
09/08/1975,330.7
16/08/1975,330.35
23/08/1975,329.3
30/08/1975,328.88
06/09/1975,329.45
13/09/1975,328.52
20/09/1975,328.09
27/09/1975,328.28
04/10/1975,328.03
11/10/1975,328.05
18/10/1975,328.57
25/10/1975,328.81
01/11/1975,329.35
08/11/1975,329.2
15/11/1975,329.17
22/11/1975,329.54
29/11/1975,330.14
06/12/1975,330.35
13/12/1975,330.54
20/12/1975,331.13
27/12/1975,331.29
03/01/1976,331.57
10/01/1976,331.51
17/01/1976,331.74
24/01/1976,331.87
31/01/1976,332.28
07/02/1976,332.19
14/02/1976,332.52
21/02/1976,333.26
28/02/1976,332.48
06/03/1976,332.81
13/03/1976,333.6
20/03/1976,333.14
27/03/1976,334.39
03/04/1976,334.73
10/04/1976,334.26
17/04/1976,334.42
24/04/1976,334.54
01/05/1976,334.74
08/05/1976,334.33
15/05/1976,334.6
22/05/1976,335.43
29/05/1976,334.87
05/06/1976,334.36
12/06/1976,334.63
19/06/1976,334.32
03/07/1976,333.66
10/07/1976,333.42
17/07/1976,332.85
24/07/1976,332.47
31/07/1976,332.13
07/08/1976,331.72
14/08/1976,330.65
21/08/1976,330.69
28/08/1976,330.09
04/09/1976,329.75
11/09/1976,330.09
18/09/1976,329.33
25/09/1976,328.42
02/10/1976,328.85
09/10/1976,329.06
16/10/1976,329.6
23/10/1976,329.17
30/10/1976,329.03
06/11/1976,329.84
13/11/1976,330.43
20/11/1976,330.59
27/11/1976,330.7
04/12/1976,331.15
11/12/1976,331.33
18/12/1976,331.92
25/12/1976,332.2
01/01/1977,332.58
08/01/1977,332.43
15/01/1977,333.14
22/01/1977,333.24
29/01/1977,333.22
05/02/1977,333.41
12/02/1977,333.33
19/02/1977,333.45
26/02/1977,333.63
05/03/1977,334.1
12/03/1977,334.67
19/03/1977,335.11
26/03/1977,335.02
02/04/1977,335.53
09/04/1977,335.94
16/04/1977,336.01
23/04/1977,336.12
30/04/1977,336.78
07/05/1977,336.8
14/05/1977,336.47
21/05/1977,336.84
28/05/1977,336.72
04/06/1977,336.49
11/06/1977,336.31
18/06/1977,336.19
25/06/1977,336.03
02/07/1977,335.59
09/07/1977,335.1
16/07/1977,335.11
23/07/1977,334.6
30/07/1977,333.76
06/08/1977,333.01
13/08/1977,332.98
20/08/1977,332.84
27/08/1977,332.85
03/09/1977,332.17
10/09/1977,331.21
17/09/1977,332.1
24/09/1977,330.96
01/10/1977,330.45
08/10/1977,330.95
15/10/1977,331.52
22/10/1977,331.52
29/10/1977,331.74
05/11/1977,332.13
12/11/1977,332.03
19/11/1977,332.59
26/11/1977,332.85
03/12/1977,333.2
10/12/1977,333.51
17/12/1977,333.85
24/12/1977,334.25
31/12/1977,334.67
07/01/1978,334.27
14/01/1978,334.63
21/01/1978,335.46
28/01/1978,335.94
04/02/1978,335
11/02/1978,335.13
18/02/1978,335.66
25/02/1978,335.7
04/03/1978,336.27
11/03/1978,336.1
18/03/1978,336.8
25/03/1978,337.39
01/04/1978,337.08
08/04/1978,337.99
15/04/1978,337.94
22/04/1978,337.47
29/04/1978,338.05
06/05/1978,338.07
13/05/1978,338.1
20/05/1978,337.82
27/05/1978,337.9
03/06/1978,338.48
10/06/1978,338.23
17/06/1978,337.86
24/06/1978,337.39
01/07/1978,337.69
08/07/1978,336.79
15/07/1978,336.72
22/07/1978,335.95
29/07/1978,335.69
05/08/1978,335.17
12/08/1978,334.84
19/08/1978,334.41
26/08/1978,334.37
02/09/1978,333.88
09/09/1978,332.88
16/09/1978,332.19
23/09/1978,332.38
30/09/1978,332.76
07/10/1978,332.1
14/10/1978,332.45
21/10/1978,333.02
28/10/1978,333.18
04/11/1978,333.58
11/11/1978,333.85
18/11/1978,333.88
25/11/1978,334.2
02/12/1978,334.52
09/12/1978,334.8
16/12/1978,335.15
23/12/1978,335.12
30/12/1978,335.32
06/01/1979,335.36
13/01/1979,335.97
20/01/1979,336.85
27/01/1979,336.95
03/02/1979,336.9
10/02/1979,336.54
17/02/1979,336.71
24/02/1979,336.79
03/03/1979,337.12
10/03/1979,337.79
17/03/1979,337.43
24/03/1979,339.02
31/03/1979,338.8
07/04/1979,338.17
14/04/1979,338.66
21/04/1979,339.25
28/04/1979,339.6
05/05/1979,339.3
12/05/1979,338.88
19/05/1979,339.86
26/05/1979,339.62
02/06/1979,339.93
09/06/1979,339.52
16/06/1979,338.9
23/06/1979,338.95
30/06/1979,339
07/07/1979,338.28
14/07/1979,337.82
21/07/1979,337.37
28/07/1979,336.84
04/08/1979,337.03
11/08/1979,336.59
18/08/1979,336.17
25/08/1979,334.56
01/09/1979,334.45
08/09/1979,334
15/09/1979,334.21
22/09/1979,333.28
29/09/1979,334.11
06/10/1979,334.1
13/10/1979,333.97
20/10/1979,333.74
27/10/1979,334.16
03/11/1979,334.73
10/11/1979,334.86
17/11/1979,335.59
24/11/1979,335.68
01/12/1979,335.99
08/12/1979,336.5
15/12/1979,336.77
22/12/1979,336.88
29/12/1979,337.4
05/01/1980,337.67
12/01/1980,337.48
19/01/1980,338.38
26/01/1980,338.49
02/02/1980,338.05
09/02/1980,338.14
16/02/1980,338.68
23/02/1980,338.26
01/03/1980,339.31
08/03/1980,339.54
15/03/1980,340.02
22/03/1980,340.54
29/03/1980,341.01
05/04/1980,340.41
12/04/1980,340.95
19/04/1980,340.75
26/04/1980,341.06
03/05/1980,341.52
10/05/1980,341.3
17/05/1980,341.38
24/05/1980,340.92
31/05/1980,341.72
07/06/1980,341.38
14/06/1980,341.39
21/06/1980,340.87
28/06/1980,340.4
05/07/1980,340.44
12/07/1980,339.78
19/07/1980,338.51
26/07/1980,338.92
02/08/1980,337.98
09/08/1980,337.77
16/08/1980,337.75
23/08/1980,337.79
30/08/1980,337.01
06/09/1980,336.65
13/09/1980,335.75
20/09/1980,335.28
27/09/1980,336.03
04/10/1980,335.83
11/10/1980,335.87
18/10/1980,336.1
25/10/1980,336.42
01/11/1980,336.65
08/11/1980,336.98
15/11/1980,337.14
22/11/1980,337.31
29/11/1980,337.41
06/12/1980,337.77
13/12/1980,338.1
20/12/1980,338.39
27/12/1980,338.72
03/01/1981,338.94
10/01/1981,339.13
17/01/1981,339.39
24/01/1981,339.36
31/01/1981,339.55
07/02/1981,340.57
14/02/1981,340.04
21/02/1981,340.2
28/02/1981,341.11
07/03/1981,340.73
14/03/1981,341.04
21/03/1981,341.89
28/03/1981,342.19
04/04/1981,342.42
11/04/1981,342.49
18/04/1981,342.78
25/04/1981,342.3
02/05/1981,342.95
09/05/1981,343
16/05/1981,342.8
23/05/1981,342.7
30/05/1981,342.75
06/06/1981,342.64
13/06/1981,342.54
20/06/1981,341.81
27/06/1981,341.64
04/07/1981,341.05
11/07/1981,340.87
18/07/1981,339.76
25/07/1981,340.21
01/08/1981,339.56
08/08/1981,338.92
15/08/1981,338.48
22/08/1981,337.57
29/08/1981,337.73
05/09/1981,337.2
12/09/1981,337.03
19/09/1981,336.75
26/09/1981,335.95
03/10/1981,336.3
10/10/1981,336.65
17/10/1981,337.13
24/10/1981,337.22
31/10/1981,337.56
07/11/1981,337.87
14/11/1981,338.14
21/11/1981,338.57
28/11/1981,339.3
05/12/1981,339.29
12/12/1981,339.41
19/12/1981,339.65
26/12/1981,340.23
02/01/1982,340.28
09/01/1982,340.39
16/01/1982,340.72
23/01/1982,341.13
30/01/1982,341.29
06/02/1982,341.94
13/02/1982,341.11
20/02/1982,341.14
27/02/1982,342.19
06/03/1982,342.66
13/03/1982,342.61
20/03/1982,342.78
27/03/1982,342.81
03/04/1982,342.96
10/04/1982,343.3
17/04/1982,343.5
24/04/1982,344.29
01/05/1982,343.83
08/05/1982,343.68
15/05/1982,344.29
22/05/1982,344.1
29/05/1982,344.1
05/06/1982,343.48
12/06/1982,343.5
19/06/1982,343.46
26/06/1982,342.91
03/07/1982,342.53
10/07/1982,342.03
17/07/1982,342.02
24/07/1982,341.81
31/07/1982,341.31
07/08/1982,340.57
14/08/1982,340.06
21/08/1982,339.71
28/08/1982,338.32
04/09/1982,338.88
11/09/1982,338.61
18/09/1982,337.84
25/09/1982,336.92
02/10/1982,337.32
09/10/1982,338.09
16/10/1982,337.6
23/10/1982,337.94
30/10/1982,338.7
06/11/1982,338.49
13/11/1982,339.2
20/11/1982,339.72
27/11/1982,339.88
04/12/1982,339.86
11/12/1982,340.43
18/12/1982,340.71
25/12/1982,340.82
01/01/1983,340.94
08/01/1983,341.44
15/01/1983,341.57
22/01/1983,341.25
29/01/1983,341.72
05/02/1983,342
12/02/1983,342.77
19/02/1983,342.5
26/02/1983,342.84
05/03/1983,342.38
12/03/1983,342.58
19/03/1983,344.06
26/03/1983,343.81
02/04/1983,344.02
09/04/1983,344.89
16/04/1983,345.07
23/04/1983,345.32
30/04/1983,345.46
07/05/1983,345.43
14/05/1983,345.77
21/05/1983,345.85
28/05/1983,345.76
04/06/1983,345.68
11/06/1983,345.6
18/06/1983,345.04
25/06/1983,344.97
02/07/1983,344.74
09/07/1983,344.59
16/07/1983,343.73
23/07/1983,343.66
30/07/1983,342.6
06/08/1983,343.05
13/08/1983,341.7
20/08/1983,342.14
27/08/1983,341.8
03/09/1983,339.94
10/09/1983,339.99
17/09/1983,339.86
24/09/1983,339.98
01/10/1983,339.87
08/10/1983,339.76
15/10/1983,340.12
22/10/1983,340.25
29/10/1983,340.37
05/11/1983,340.8
12/11/1983,341
19/11/1983,341.18
26/11/1983,341.7
03/12/1983,341.87
10/12/1983,342.85
17/12/1983,343.39
24/12/1983,343.61
31/12/1983,343.47
07/01/1984,343.78
14/01/1984,343.47
21/01/1984,343.5
28/01/1984,344.16
04/02/1984,344.35
11/02/1984,344.57
18/02/1984,344.33
25/02/1984,344.69
03/03/1984,344.88
10/03/1984,344.95
17/03/1984,345.45
24/03/1984,345.69
28/04/1984,347.47
05/05/1984,347.49
12/05/1984,347.78
19/05/1984,347.36
26/05/1984,347.03
02/06/1984,347.09
09/06/1984,347.02
16/06/1984,346.89
23/06/1984,346.37
30/06/1984,346.24
07/07/1984,345.82
14/07/1984,345.48
21/07/1984,345.25
28/07/1984,344.48
04/08/1984,344.05
11/08/1984,344.12
18/08/1984,343.19
25/08/1984,342.05
01/09/1984,341.65
08/09/1984,340.65
15/09/1984,341.37
22/09/1984,341.31
29/09/1984,340.85
06/10/1984,341.19
13/10/1984,341.3
20/10/1984,341.91
27/10/1984,341.67
03/11/1984,342.01
10/11/1984,342.65
17/11/1984,343.14
24/11/1984,343.75
01/12/1984,343.6
08/12/1984,343.95
15/12/1984,344.23
22/12/1984,344.58
29/12/1984,344.57
05/01/1985,344.77
12/01/1985,345.01
19/01/1985,345.01
26/01/1985,345.08
02/02/1985,345.95
09/02/1985,345.54
16/02/1985,345.82
23/02/1985,346.37
02/03/1985,346.77
09/03/1985,347.11
16/03/1985,347.58
23/03/1985,347.7
30/03/1985,348.27
06/04/1985,348.04
13/04/1985,348.08
20/04/1985,348.52
27/04/1985,348.84
04/05/1985,348.89
11/05/1985,349.31
18/05/1985,349.18
25/05/1985,348.18
01/06/1985,349.05
08/06/1985,348.49
15/06/1985,348.24
22/06/1985,347.9
29/06/1985,347.47
06/07/1985,346.9
13/07/1985,346.8
20/07/1985,346.43
27/07/1985,345.79
10/08/1985,344.7
17/08/1985,344.5
24/08/1985,344.38
31/08/1985,343.76
07/09/1985,344.29
14/09/1985,343.37
21/09/1985,342.46
28/09/1985,342.13
05/10/1985,342.4
12/10/1985,342.5
19/10/1985,343.14
26/10/1985,343.22
02/11/1985,343.38
09/11/1985,343.77
16/11/1985,344.25
23/11/1985,344.64
30/11/1985,345.3
07/12/1985,345.37
14/12/1985,345.67
21/12/1985,345.17
28/12/1985,346.3
04/01/1986,346.44
11/01/1986,346.09
18/01/1986,346.25
25/01/1986,346.46
01/02/1986,346.22
08/02/1986,346.84
15/02/1986,347.18
22/02/1986,347.2
01/03/1986,347.07
08/03/1986,346.65
15/03/1986,347.22
22/03/1986,349.15
29/03/1986,348.87
05/04/1986,349.21
12/04/1986,349.45
19/04/1986,349.34
26/04/1986,350.2
03/05/1986,349.99
10/05/1986,350.14
17/05/1986,350.23
24/05/1986,350.13
31/05/1986,350.18
07/06/1986,349.73
14/06/1986,349.54
21/06/1986,349.48
28/06/1986,348.92
05/07/1986,348.69
12/07/1986,347.77
19/07/1986,347.61
26/07/1986,347.41
02/08/1986,346.65
09/08/1986,346.23
16/08/1986,345.59
23/08/1986,345.62
30/08/1986,345.27
06/09/1986,345.05
13/09/1986,345.32
20/09/1986,344.43
27/09/1986,344.51
04/10/1986,343.99
11/10/1986,344.11
18/10/1986,343.99
25/10/1986,344.57
01/11/1986,345.17
08/11/1986,345.35
15/11/1986,345.63
22/11/1986,345.72
29/11/1986,346.41
06/12/1986,346.92
13/12/1986,346.77
20/12/1986,346.97
27/12/1986,347.08
03/01/1987,347.62
10/01/1987,348.37
17/01/1987,348.27
24/01/1987,347.96
31/01/1987,348.03
07/02/1987,347.91
14/02/1987,348.25
21/02/1987,348.54
28/02/1987,349.47
07/03/1987,348.85
14/03/1987,349.27
21/03/1987,349.79
28/03/1987,350.2
04/04/1987,350.82
11/04/1987,350.27
18/04/1987,351.19
25/04/1987,351.39
02/05/1987,351.43
09/05/1987,352
16/05/1987,351.73
23/05/1987,351.91
30/05/1987,351.78
06/06/1987,351.65
13/06/1987,351.17
20/06/1987,351
27/06/1987,350.94
04/07/1987,349.76
11/07/1987,349.84
18/07/1987,348.87
25/07/1987,349.51
01/08/1987,349.04
08/08/1987,348.15
15/08/1987,348.62
22/08/1987,348.01
29/08/1987,346.71
05/09/1987,347.05
12/09/1987,346.65
19/09/1987,346.29
26/09/1987,345.85
03/10/1987,345.77
10/10/1987,346.34
17/10/1987,346.59
24/10/1987,346.8
31/10/1987,346.91
07/11/1987,347.34
14/11/1987,347.65
21/11/1987,348.16
28/11/1987,348.75
05/12/1987,348.66
12/12/1987,348.82
19/12/1987,349.12
26/12/1987,349.29
02/01/1988,349.78
09/01/1988,350.28
16/01/1988,350.21
23/01/1988,350.79
30/01/1988,351.22
06/02/1988,351.81
13/02/1988,351.31
20/02/1988,351.53
27/02/1988,352.55
05/03/1988,352.88
12/03/1988,351.88
19/03/1988,351.78
26/03/1988,352.23
02/04/1988,353.13
09/04/1988,353.57
16/04/1988,353.15
23/04/1988,354
30/04/1988,354.23
07/05/1988,353.76
14/05/1988,354.3
21/05/1988,354.52
28/05/1988,354.2
04/06/1988,354.18
11/06/1988,354.2
18/06/1988,353.61
25/06/1988,353.19
02/07/1988,353.08
09/07/1988,352.56
16/07/1988,352.65
23/07/1988,351.96
30/07/1988,351.13
06/08/1988,350.95
13/08/1988,350.3
20/08/1988,350.49
27/08/1988,349.61
03/09/1988,349.38
10/09/1988,348.73
17/09/1988,348.95
24/09/1988,348.19
01/10/1988,348.82
08/10/1988,348.88
15/10/1988,348.68
22/10/1988,349.42
29/10/1988,349.29
05/11/1988,349.78
12/11/1988,349.89
19/11/1988,350.18
26/11/1988,350.48
03/12/1988,350.5
10/12/1988,351.02
17/12/1988,351.6
24/12/1988,351.36
31/12/1988,352.4
07/01/1989,352.77
14/01/1989,352.97
21/01/1989,352.51
28/01/1989,353.06
04/02/1989,352.83
11/02/1989,352.64
18/02/1989,353.22
25/02/1989,353.48
04/03/1989,353.17
11/03/1989,353.46
18/03/1989,353.55
25/03/1989,354.48
01/04/1989,354.56
08/04/1989,355.05
15/04/1989,355.41
22/04/1989,356.01
29/04/1989,355.9
06/05/1989,355.36
13/05/1989,355.82
20/05/1989,355.64
27/05/1989,355.76
03/06/1989,355.8
10/06/1989,355.09
17/06/1989,354.87
24/06/1989,354.9
01/07/1989,354.5
08/07/1989,354.76
15/07/1989,353.85
22/07/1989,353.19
29/07/1989,353.21
05/08/1989,352.62
12/08/1989,352.24
19/08/1989,351.16
26/08/1989,350.43
02/09/1989,350.79
09/09/1989,350.28
16/09/1989,349.41
23/09/1989,349.31
30/09/1989,349.71
07/10/1989,349.97
14/10/1989,349.74
21/10/1989,350.24
28/10/1989,350.47
04/11/1989,350.66
11/11/1989,351.29
18/11/1989,351.6
25/11/1989,351.46
02/12/1989,352.09
09/12/1989,352.16
16/12/1989,352.48
23/12/1989,352.59
30/12/1989,353.44
06/01/1990,353.47
13/01/1990,353.55
20/01/1990,353.8
27/01/1990,353.96
03/02/1990,354.13
10/02/1990,355.02
17/02/1990,354.87
24/02/1990,354.78
03/03/1990,355.72
10/03/1990,354.99
17/03/1990,355.84
24/03/1990,355.17
31/03/1990,355.95
07/04/1990,356.17
14/04/1990,355.9
21/04/1990,356.68
28/04/1990,356.18
05/05/1990,357.3
12/05/1990,357.09
19/05/1990,356.99
26/05/1990,357.13
02/06/1990,357.01
09/06/1990,356.63
16/06/1990,355.68
23/06/1990,355.53
30/06/1990,355.79
07/07/1990,355.51
14/07/1990,354
21/07/1990,354.59
28/07/1990,354.72
04/08/1990,353.56
11/08/1990,353.23
18/08/1990,352.92
25/08/1990,352.01
01/09/1990,350.99
08/09/1990,350.75
15/09/1990,351.33
22/09/1990,350.97
29/09/1990,350.92
06/10/1990,351.1
13/10/1990,351.08
20/10/1990,351.48
27/10/1990,351.47
03/11/1990,352.12
10/11/1990,352.62
17/11/1990,353.05
24/11/1990,353.18
01/12/1990,353.61
08/12/1990,354.07
15/12/1990,353.87
22/12/1990,354.51
29/12/1990,354.89
05/01/1991,354.28
12/01/1991,354.73
19/01/1991,354.86
26/01/1991,355.05
02/02/1991,355.22
09/02/1991,355.23
16/02/1991,356.4
23/02/1991,355.83
02/03/1991,356.41
09/03/1991,357.21
16/03/1991,357.69
23/03/1991,356.96
30/03/1991,357.94
06/04/1991,358.32
13/04/1991,357.83
20/04/1991,359.19
27/04/1991,359.24
04/05/1991,359.11
11/05/1991,358.94
18/05/1991,360.03
25/05/1991,359.08
01/06/1991,358.52
08/06/1991,358.46
15/06/1991,358.22
22/06/1991,358.12
29/06/1991,357.74
06/07/1991,357.27
13/07/1991,356.54
20/07/1991,355.26
27/07/1991,355.3
03/08/1991,354.89
10/08/1991,354.6
17/08/1991,353.78
24/08/1991,353.07
31/08/1991,353.22
07/09/1991,353.06
14/09/1991,352.12
21/09/1991,351.84
28/09/1991,351.69
05/10/1991,351.7
12/10/1991,352.18
19/10/1991,352.53
26/10/1991,352.72
02/11/1991,353.47
09/11/1991,353.76
16/11/1991,353.56
23/11/1991,353.86
30/11/1991,354.35
07/12/1991,354.54
14/12/1991,354.97
21/12/1991,355.22
28/12/1991,355.5
04/01/1992,355.69
11/01/1992,356.07
18/01/1992,356.19
25/01/1992,355.96
01/02/1992,356.05
08/02/1992,356.73
15/02/1992,357.33
22/02/1992,356.99
29/02/1992,356.58
07/03/1992,357.3
14/03/1992,357.8
21/03/1992,358.18
28/03/1992,358.42
04/04/1992,358.57
11/04/1992,358.99
18/04/1992,359.75
25/04/1992,359.25
02/05/1992,359.69
09/05/1992,359.73
16/05/1992,358.6
23/05/1992,359.65
30/05/1992,360.25
06/06/1992,360.03
13/06/1992,359.48
20/06/1992,358.75
27/06/1992,358.45
04/07/1992,358.47
11/07/1992,357.2
18/07/1992,356.37
25/07/1992,356.1
01/08/1992,354.99
08/08/1992,355.33
15/08/1992,355.32
22/08/1992,354.59
29/08/1992,354.34
05/09/1992,353.53
12/09/1992,353.66
19/09/1992,352.37
26/09/1992,352.75
03/10/1992,353.6
10/10/1992,353.38
17/10/1992,353.24
24/10/1992,353.51
31/10/1992,353.56
07/11/1992,353.99
14/11/1992,353.86
21/11/1992,354.57
28/11/1992,354.64
05/12/1992,354.85
12/12/1992,355.37
19/12/1992,355.46
26/12/1992,355.97
02/01/1993,356.29
09/01/1993,356.96
16/01/1993,356.72
23/01/1993,356.66
30/01/1993,357.03
06/02/1993,356.62
13/02/1993,357.23
20/02/1993,357.36
27/02/1993,357.68
06/03/1993,358.39
13/03/1993,358.52
20/03/1993,358.13
27/03/1993,358.85
03/04/1993,359.17
10/04/1993,358.87
17/04/1993,359.42
24/04/1993,360.03
01/05/1993,359.62
08/05/1993,359.78
15/05/1993,360.7
22/05/1993,360.62
29/05/1993,360.35
05/06/1993,359.79
12/06/1993,359.92
19/06/1993,359.34
26/06/1993,359.15
03/07/1993,357.91
10/07/1993,358.02
17/07/1993,358.1
24/07/1993,356.69
31/07/1993,356.52
07/08/1993,355.88
14/08/1993,355.95
21/08/1993,354.9
28/08/1993,354.72
04/09/1993,354.3
11/09/1993,353.23
18/09/1993,353.81
25/09/1993,353.86
02/10/1993,353.8
09/10/1993,353.87
16/10/1993,354
23/10/1993,354.45
30/10/1993,354.38
06/11/1993,354.78
13/11/1993,355.16
20/11/1993,355.65
27/11/1993,356.03
04/12/1993,356.27
11/12/1993,356.52
18/12/1993,356.99
25/12/1993,357.5
01/01/1994,358.14
08/01/1994,358.12
15/01/1994,358.43
22/01/1994,358.33
29/01/1994,358.78
05/02/1994,358.49
12/02/1994,358.61
19/02/1994,359.02
26/02/1994,359.64
05/03/1994,358.77
12/03/1994,359.86
19/03/1994,360.49
26/03/1994,360.83
02/04/1994,360.68
09/04/1994,361.01
16/04/1994,361.07
23/04/1994,361.34
30/04/1994,362.25
07/05/1994,361.63
14/05/1994,361.42
21/05/1994,361.78
28/05/1994,361.91
04/06/1994,361.04
11/06/1994,361.07
18/06/1994,360.93
25/06/1994,360.7
02/07/1994,360.22
09/07/1994,359.9
16/07/1994,359.43
23/07/1994,359
30/07/1994,358.81
06/08/1994,358.1
13/08/1994,357.52
20/08/1994,357.63
27/08/1994,356.39
03/09/1994,356.44
10/09/1994,356.46
17/09/1994,355.46
24/09/1994,355.5
01/10/1994,355.46
08/10/1994,355.81
15/10/1994,356.09
22/10/1994,356.39
29/10/1994,356.61
05/11/1994,356.97
12/11/1994,357.4
19/11/1994,357.93
26/11/1994,358.11
03/12/1994,358.43
10/12/1994,359.13
17/12/1994,359.25
24/12/1994,359.15
31/12/1994,359.52
07/01/1995,359.68
14/01/1995,360.28
21/01/1995,360.12
28/01/1995,360.04
04/02/1995,360.67
11/02/1995,361.09
18/02/1995,360.88
25/02/1995,361.36
04/03/1995,362.2
11/03/1995,361.24
18/03/1995,360.99
25/03/1995,362
01/04/1995,363.8
08/04/1995,363.44
15/04/1995,363.34
22/04/1995,362.89
29/04/1995,363.58
06/05/1995,363.24
13/05/1995,364.11
20/05/1995,364.18
27/05/1995,363.47
03/06/1995,363.92
10/06/1995,363.47
17/06/1995,362.96
24/06/1995,362.81
01/07/1995,362.53
08/07/1995,362.27
15/07/1995,361.97
22/07/1995,361.58
29/07/1995,360.98
05/08/1995,360.45
12/08/1995,359.21
19/08/1995,358.72
26/08/1995,359.29
02/09/1995,357.37
09/09/1995,358.5
16/09/1995,358.58
23/09/1995,358.2
30/09/1995,357.56
07/10/1995,357.65
14/10/1995,357.6
21/10/1995,358.04
28/10/1995,358.23
04/11/1995,359.19
11/11/1995,359.43
18/11/1995,359.69
25/11/1995,359.87
02/12/1995,360.13
09/12/1995,360.43
16/12/1995,360.53
23/12/1995,360.89
30/12/1995,361.73
06/01/1996,361.81
13/01/1996,362.06
20/01/1996,362.17
27/01/1996,362.23
03/02/1996,362.68
10/02/1996,363.12
17/02/1996,363.01
24/02/1996,364.03
02/03/1996,363.84
09/03/1996,363.66
16/03/1996,364.1
23/03/1996,364.53
30/03/1996,364.35
06/04/1996,364.57
13/04/1996,364.89
20/04/1996,364.4
27/04/1996,365.13
04/05/1996,364.92
11/05/1996,365.37
18/05/1996,365.74
25/05/1996,365.43
01/06/1996,364.86
08/06/1996,365.19
15/06/1996,365.27
22/06/1996,365
29/06/1996,364.3
06/07/1996,364.19
13/07/1996,363.75
20/07/1996,363.38
27/07/1996,362.84
03/08/1996,361.78
10/08/1996,362.1
17/08/1996,361.29
24/08/1996,360.85
31/08/1996,360.82
07/09/1996,359.86
14/09/1996,359.82
21/09/1996,359.09
28/09/1996,359.04
05/10/1996,359.45
12/10/1996,359.52
19/10/1996,359.86
26/10/1996,359.87
02/11/1996,359.94
09/11/1996,360.52
16/11/1996,360.79
23/11/1996,361.24
30/11/1996,361.4
07/12/1996,361.97
14/12/1996,362.68
21/12/1996,362.47
28/12/1996,362.62
04/01/1997,362.95
11/01/1997,363
18/01/1997,363.16
25/01/1997,363.51
01/02/1997,363.28
08/02/1997,364.19
15/02/1997,364.02
22/02/1997,364.24
01/03/1997,364.5
08/03/1997,364.16
15/03/1997,364.19
22/03/1997,364.75
29/03/1997,365.43
05/04/1997,365.8
12/04/1997,366.25
19/04/1997,366.69
26/04/1997,366.79
03/05/1997,366.76
10/05/1997,366.8
17/05/1997,367.03
24/05/1997,366.61
31/05/1997,366.36
07/06/1997,365.71
14/06/1997,365.61
21/06/1997,365.53
28/06/1997,365.16
05/07/1997,365.09
12/07/1997,364.67
19/07/1997,364.11
26/07/1997,363.8
02/08/1997,363.39
09/08/1997,363.36
16/08/1997,362.63
23/08/1997,361.51
30/08/1997,361.66
06/09/1997,360.69
13/09/1997,360.26
20/09/1997,360.08
27/09/1997,359.81
04/10/1997,360.54
11/10/1997,360.49
18/10/1997,361.07
25/10/1997,361.13
01/11/1997,361.71
08/11/1997,362.19
15/11/1997,362.06
22/11/1997,362.65
29/11/1997,363.51
06/12/1997,363.97
13/12/1997,363.95
20/12/1997,364.27
27/12/1997,365.09
03/01/1998,365.24
10/01/1998,365.3
17/01/1998,365.35
24/01/1998,365.38
31/01/1998,365.69
07/02/1998,366.06
14/02/1998,365.52
21/02/1998,366.08
28/02/1998,367.36
07/03/1998,367.02
14/03/1998,366.66
21/03/1998,367.49
28/03/1998,368.57
04/04/1998,368.69
11/04/1998,368.68
18/04/1998,368.05
25/04/1998,368.9
02/05/1998,369.17
09/05/1998,368.83
16/05/1998,368.51
23/05/1998,369.66
30/05/1998,369.7
06/06/1998,369.41
13/06/1998,368.88
20/06/1998,368.54
27/06/1998,368.36
04/07/1998,368.05
11/07/1998,367.54
18/07/1998,367.67
25/07/1998,367.36
01/08/1998,366.88
08/08/1998,366.46
15/08/1998,365.64
22/08/1998,365.63
29/08/1998,364.25
05/09/1998,364.74
12/09/1998,363.96
19/09/1998,363.5
26/09/1998,363.6
03/10/1998,364.01
10/10/1998,364.17
17/10/1998,364.46
24/10/1998,364.49
31/10/1998,364.7
07/11/1998,365.05
14/11/1998,365.48
21/11/1998,365.8
28/11/1998,366
05/12/1998,366.46
12/12/1998,366.74
19/12/1998,367.3
26/12/1998,367.38
02/01/1999,367.58
09/01/1999,367.87
16/01/1999,367.8
23/01/1999,368.33
30/01/1999,369.25
06/02/1999,369.19
13/02/1999,368.9
20/02/1999,369.05
27/02/1999,368.52
06/03/1999,368.13
13/03/1999,369.58
20/03/1999,370.27
27/03/1999,370.65
03/04/1999,371.11
10/04/1999,371.59
17/04/1999,371.07
24/04/1999,370.32
01/05/1999,370.82
08/05/1999,371.33
15/05/1999,371.09
22/05/1999,370.89
29/05/1999,370.41
05/06/1999,370.98
12/06/1999,370.33
19/06/1999,369.97
26/06/1999,369.97
03/07/1999,369.49
10/07/1999,370.15
17/07/1999,369.54
24/07/1999,368.66
31/07/1999,367.48
07/08/1999,367.65
14/08/1999,366.77
21/08/1999,366.44
28/08/1999,366.16
04/09/1999,364.22
11/09/1999,364.75
18/09/1999,365.25
25/09/1999,364.74
02/10/1999,364.62
09/10/1999,365.11
16/10/1999,364.94
23/10/1999,365.7
30/10/1999,365.81
06/11/1999,366.24
13/11/1999,366.75
20/11/1999,366.74
27/11/1999,367.2
04/12/1999,367.47
11/12/1999,368.1
18/12/1999,368.05
25/12/1999,368.27
01/01/2000,368.74
08/01/2000,368.63
15/01/2000,369.12
22/01/2000,369.93
29/01/2000,369.35
05/02/2000,369.18
12/02/2000,369.66
19/02/2000,369.45
26/02/2000,369.61
04/03/2000,370.11
11/03/2000,370.09
18/03/2000,370.98
25/03/2000,370.86
01/04/2000,371.04
08/04/2000,371.81
15/04/2000,371.91
22/04/2000,372.1
29/04/2000,371.37
06/05/2000,371.36
13/05/2000,371.83
20/05/2000,372.01
27/05/2000,371.91
03/06/2000,371.98
10/06/2000,371.71
17/06/2000,371.82
24/06/2000,371.41
01/07/2000,370.96
08/07/2000,370.17
15/07/2000,370.29
22/07/2000,369.85
29/07/2000,369.1
05/08/2000,368.86
12/08/2000,368.46
19/08/2000,367.78
26/08/2000,367.25
02/09/2000,367.28
09/09/2000,366.84
16/09/2000,366.35
23/09/2000,366.34
30/09/2000,366.54
07/10/2000,366.42
14/10/2000,366.75
21/10/2000,366.79
28/10/2000,367.46
04/11/2000,367.78
11/11/2000,368.1
18/11/2000,368.76
25/11/2000,368.42
02/12/2000,369.1
09/12/2000,369.74
16/12/2000,369.41
23/12/2000,369.64
30/12/2000,369.91
06/01/2001,369.95
13/01/2001,370.35
20/01/2001,370.1
27/01/2001,370.91
03/02/2001,371.45
10/02/2001,371.29
17/02/2001,371.82
24/02/2001,371.33
03/03/2001,372.34
10/03/2001,372.32
17/03/2001,372.23
24/03/2001,371.97
31/03/2001,372.18
07/04/2001,372.82
14/04/2001,372.84
21/04/2001,373.17
28/04/2001,372.91
05/05/2001,373.83
12/05/2001,374.08
19/05/2001,373.85
26/05/2001,374.05
02/06/2001,374
09/06/2001,373.27
16/06/2001,372.98
23/06/2001,373.04
30/06/2001,372.9
07/07/2001,372.29
14/07/2001,371.51
21/07/2001,371.36
28/07/2001,370.76
04/08/2001,370.07
11/08/2001,369.7
18/08/2001,369.43
25/08/2001,369.15
01/09/2001,368.61
08/09/2001,368.34
15/09/2001,368.18
22/09/2001,367.61
29/09/2001,367.56
06/10/2001,367.93
13/10/2001,367.73
20/10/2001,368.23
27/10/2001,368.92
03/11/2001,368.87
10/11/2001,369.03
17/11/2001,369.84
24/11/2001,370.44
01/12/2001,370.51
08/12/2001,371.03
15/12/2001,371.34
22/12/2001,371.51
29/12/2001,371.67
05/01/2002,371.94
12/01/2002,372.26
19/01/2002,373.04
26/01/2002,372.46
02/02/2002,372.85
09/02/2002,372.93
16/02/2002,372.84
23/02/2002,373.4
02/03/2002,373.29
09/03/2002,373.47
16/03/2002,373.37
23/03/2002,373.51
30/03/2002,374.29
06/04/2002,374.5
13/04/2002,374.55
20/04/2002,375.06
27/04/2002,375.47
04/05/2002,375.78
11/05/2002,374.95
18/05/2002,375.24
25/05/2002,375.92
01/06/2002,375.78
08/06/2002,375.66
15/06/2002,375.12
22/06/2002,375.5
29/06/2002,374.47
06/07/2002,374.62
13/07/2002,374.13
20/07/2002,373.68
27/07/2002,373.16
03/08/2002,372.93
10/08/2002,371.73
17/08/2002,371.03
24/08/2002,370.87
31/08/2002,370.12
07/09/2002,371.39
14/09/2002,371.16
21/09/2002,370.45
28/09/2002,369.97
05/10/2002,369.68
12/10/2002,370.04
19/10/2002,371.06
26/10/2002,370.44
02/11/2002,371.67
09/11/2002,371.55
16/11/2002,372.08
23/11/2002,372.69
30/11/2002,372.65
07/12/2002,373.32
14/12/2002,373.44
21/12/2002,374.16
28/12/2002,374.6
04/01/2003,374.49
11/01/2003,374.46
18/01/2003,374.82
25/01/2003,374.89
01/02/2003,375.23
08/02/2003,374.81
15/02/2003,375.7
22/02/2003,376.36
01/03/2003,375.82
08/03/2003,375.89
15/03/2003,375.76
22/03/2003,376.44
29/03/2003,376.82
05/04/2003,376.81
12/04/2003,377.3
19/04/2003,378.11
26/04/2003,378.46
03/05/2003,378.11
10/05/2003,377.49
17/05/2003,378.79
24/05/2003,378.71
31/05/2003,378.29
07/06/2003,378.39
21/06/2003,377.34
28/06/2003,377.85
05/07/2003,376.43
12/07/2003,377.05
19/07/2003,376.7
26/07/2003,375.98
02/08/2003,375.48
09/08/2003,374.67
16/08/2003,374.06
23/08/2003,374.47
30/08/2003,373.48
06/09/2003,373.09
13/09/2003,372.76
20/09/2003,373.08
27/09/2003,373.03
04/10/2003,372.87
25/10/2003,373.33
01/11/2003,373.5
08/11/2003,373.76
15/11/2003,374.45
22/11/2003,375.21
29/11/2003,374.72
06/12/2003,374.47
13/12/2003,376.15
20/12/2003,376.05
27/12/2003,376.43
03/01/2004,376.17
10/01/2004,376.17
17/01/2004,377.01
24/01/2004,377.29
31/01/2004,377.49
07/02/2004,377.47
14/02/2004,377
21/02/2004,377.35
28/02/2004,377.67
06/03/2004,378.05
13/03/2004,379.4
20/03/2004,378.47
27/03/2004,378.5
03/04/2004,380.09
10/04/2004,380.41
17/04/2004,380.56
24/04/2004,380.71
01/05/2004,380.28
08/05/2004,381.04
15/05/2004,380.51
22/05/2004,380.33
29/05/2004,380.66
05/06/2004,379.62
12/06/2004,380
19/06/2004,379.3
26/06/2004,379.07
03/07/2004,378.44
10/07/2004,378.04
17/07/2004,377.33
24/07/2004,376.99
31/07/2004,377.35
07/08/2004,376.56
14/08/2004,375.84
21/08/2004,375.7
28/08/2004,374.62
04/09/2004,373.82
11/09/2004,374.57
18/09/2004,374.14
25/09/2004,373.8
02/10/2004,374.01
09/10/2004,373.95
16/10/2004,374.05
23/10/2004,374.58
30/10/2004,375.02
06/11/2004,375.06
13/11/2004,376.13
20/11/2004,376.46
27/11/2004,376.13
04/12/2004,377.09
11/12/2004,377.37
18/12/2004,377.5
25/12/2004,377.68
01/01/2005,378.06
08/01/2005,378.21
15/01/2005,378.36
22/01/2005,378.34
29/01/2005,378.66
05/02/2005,379.02
12/02/2005,379.31
19/02/2005,380.25
26/03/2005,380.57
02/04/2005,382.07
09/04/2005,382.25
16/04/2005,381.35
23/04/2005,382.08
30/04/2005,382.38
07/05/2005,381.51
14/05/2005,382.53
21/05/2005,382.14
28/05/2005,382.58
04/06/2005,382.36
11/06/2005,382.31
18/06/2005,382.12
25/06/2005,381.48
02/07/2005,381.15
09/07/2005,380.9
16/07/2005,380.63
23/07/2005,380.36
30/07/2005,379.86
06/08/2005,379.21
13/08/2005,378.97
20/08/2005,378.4
27/08/2005,377.69
03/09/2005,377.82
10/09/2005,376.33
17/09/2005,376.14
24/09/2005,375.95
01/10/2005,376.33
08/10/2005,376.44
15/10/2005,377.12
22/10/2005,377.31
29/10/2005,377.24
05/11/2005,377.76
12/11/2005,378.07
19/11/2005,378.75
26/11/2005,378.77
03/12/2005,379.41
10/12/2005,380.09
17/12/2005,380.09
24/12/2005,380.14
31/12/2005,380.43
07/01/2006,381.28
14/01/2006,381.41
21/01/2006,381.57
28/01/2006,381.47
04/02/2006,382.04
25/02/2006,381.86
04/03/2006,382.39
11/03/2006,382.55
18/03/2006,382.74
25/03/2006,382.55
01/04/2006,382.97
08/04/2006,384.65
15/04/2006,384.67
22/04/2006,384.71
29/04/2006,384.62
06/05/2006,384.91
13/05/2006,384.87
20/05/2006,385.34
27/05/2006,384.3
03/06/2006,384.29
10/06/2006,384.31
17/06/2006,384.07
24/06/2006,383.55
01/07/2006,383
08/07/2006,382.78
15/07/2006,381.28
22/07/2006,381.81
29/07/2006,381.55
05/08/2006,381.22
12/08/2006,380.63
19/08/2006,380.2
26/08/2006,379.77
02/09/2006,379.52
09/09/2006,378.66
16/09/2006,378.8
23/09/2006,378.49
30/09/2006,379
07/10/2006,378.78
14/10/2006,379.14
21/10/2006,379.22
28/10/2006,379.57
04/11/2006,379.67
11/11/2006,379.81
18/11/2006,379.98
25/11/2006,381.42
02/12/2006,381.31
09/12/2006,381.6
16/12/2006,381.81
23/12/2006,381.96
30/12/2006,381.76
06/01/2007,382.64
13/01/2007,382.36
20/01/2007,381.84
03/02/2007,383.09
10/02/2007,383.6
17/02/2007,384.22
24/02/2007,383.76
03/03/2007,383.71
10/03/2007,383.64
17/03/2007,384.28
24/03/2007,384.96
31/03/2007,385.93
07/04/2007,385.46
14/04/2007,386.3
21/04/2007,387
28/04/2007,386.42
05/05/2007,385.85
12/05/2007,386.54
19/05/2007,386.03
26/05/2007,386.93
02/06/2007,386.6
09/06/2007,386.23
16/06/2007,386.29
23/06/2007,384.95
30/06/2007,384.85
07/07/2007,384.92
14/07/2007,384.75
21/07/2007,383.97
28/07/2007,383.41
04/08/2007,382.51
11/08/2007,381.72
18/08/2007,381.6
25/08/2007,381.67
01/09/2007,381.69
08/09/2007,380.74
15/09/2007,380.75
22/09/2007,380.94
29/09/2007,380.8
06/10/2007,380.68
13/10/2007,380.68
20/10/2007,381.1
27/10/2007,381.36
03/11/2007,381.76
10/11/2007,381.92
17/11/2007,382.43
24/11/2007,382.91
01/12/2007,382.9
08/12/2007,383.31
15/12/2007,383.79
22/12/2007,383.9
29/12/2007,384.04
05/01/2008,384.36
12/01/2008,384.41
19/01/2008,385.47
26/01/2008,386.06
02/02/2008,386.19
09/02/2008,385.72
16/02/2008,385.58
23/02/2008,385.24
01/03/2008,384.88
08/03/2008,385.88
15/03/2008,385.64
22/03/2008,386.17
29/03/2008,386.7
05/04/2008,388
12/04/2008,385.9
19/04/2008,386.38
26/04/2008,387.19
03/05/2008,386.94
10/05/2008,388.9
17/05/2008,388.84
24/05/2008,388.53
31/05/2008,388.48
07/06/2008,388.16
14/06/2008,387.79
21/06/2008,387.54
28/06/2008,388.11
05/07/2008,387.08
12/07/2008,386.11
19/07/2008,385.73
26/07/2008,385.96
02/08/2008,384.91
09/08/2008,384.68
16/08/2008,383.89
23/08/2008,383.55
30/08/2008,383.16
06/09/2008,383.18
13/09/2008,383.37
20/09/2008,382.98
27/09/2008,382.92
04/10/2008,382.66
11/10/2008,382.72
18/10/2008,382.96
25/10/2008,382.94
01/11/2008,383.61
08/11/2008,383.6
15/11/2008,384.03
22/11/2008,384.32
29/11/2008,384.46
06/12/2008,384.77
13/12/2008,384.89
20/12/2008,385.15
27/12/2008,385.8
03/01/2009,386.01
10/01/2009,386.53
17/01/2009,386.64
24/01/2009,387.05
31/01/2009,387.26
07/02/2009,386.51
14/02/2009,387.44
21/02/2009,387.4
28/02/2009,387.48
07/03/2009,388.54
14/03/2009,388.64
21/03/2009,388.44
28/03/2009,389.17
04/04/2009,389.39
11/04/2009,389.74
18/04/2009,388.67
25/04/2009,390.37
02/05/2009,390.16
09/05/2009,389.87
16/05/2009,390.3
23/05/2009,390.76
30/05/2009,389.35
06/06/2009,390.46
13/06/2009,390.01
20/06/2009,388.88
27/06/2009,388.72
04/07/2009,388.3
11/07/2009,388.68
18/07/2009,388.03
25/07/2009,387.48
01/08/2009,387.16
08/08/2009,386.67
15/08/2009,385.27
22/08/2009,386.05
29/08/2009,385.65
05/09/2009,385.3
12/09/2009,384.48
19/09/2009,384.61
26/09/2009,384.51
03/10/2009,383.43
10/10/2009,384.28
17/10/2009,384.55
24/10/2009,384.79
31/10/2009,385.18
07/11/2009,385.6
14/11/2009,386.09
21/11/2009,386.31
28/11/2009,386.73
05/12/2009,386.91
12/12/2009,386.81
19/12/2009,388.04
26/12/2009,388.19
02/01/2010,388.41
09/01/2010,388.17
16/01/2010,388.69
23/01/2010,388.59
30/01/2010,389.04
06/02/2010,390.91
13/02/2010,389.78
20/02/2010,390.84
27/02/2010,389.38
06/03/2010,391.07
13/03/2010,391.37
20/03/2010,391.55
27/03/2010,390.08
03/04/2010,391.15
10/04/2010,391.6
17/04/2010,393.27
24/04/2010,393.27
01/05/2010,392.99
08/05/2010,392.97
15/05/2010,393.13
22/05/2010,393.55
29/05/2010,393.02
05/06/2010,393.08
12/06/2010,392.35
19/06/2010,391.73
26/06/2010,391.46
03/07/2010,391.01
10/07/2010,390.2
17/07/2010,389.91
24/07/2010,390.12
31/07/2010,389.49
07/08/2010,389.06
14/08/2010,388.76
21/08/2010,388.12
28/08/2010,387.42
04/09/2010,386.91
11/09/2010,386.85
18/09/2010,386.97
25/09/2010,386.87
02/10/2010,386.75
09/10/2010,386.98
16/10/2010,387.03
23/10/2010,387.8
30/10/2010,387.78
06/11/2010,387.95
13/11/2010,388.27
20/11/2010,389.11
27/11/2010,389.59
04/12/2010,389.88
11/12/2010,389.75
18/12/2010,389.58
25/12/2010,389.96
01/01/2011,390.5
08/01/2011,391.61
15/01/2011,391.06
22/01/2011,391.25
29/01/2011,392
05/02/2011,391.89
12/02/2011,391.52
19/02/2011,391.82
26/02/2011,392.5
05/03/2011,391.59
12/03/2011,391.94
19/03/2011,392.43
26/03/2011,394.11
02/04/2011,393.4
09/04/2011,392.71
16/04/2011,393.73
23/04/2011,393.22
30/04/2011,393.59
07/05/2011,393.36
14/05/2011,393.84
21/05/2011,395.12
28/05/2011,394.49
04/06/2011,394.08
11/06/2011,393.42
18/06/2011,393.92
25/06/2011,393.37
02/07/2011,393.31
09/07/2011,393.61
16/07/2011,392.64
23/07/2011,391.13
30/07/2011,391.77
06/08/2011,390.76
13/08/2011,390.53
20/08/2011,389.82
27/08/2011,389.41
03/09/2011,389.23
10/09/2011,389.17
17/09/2011,389.15
24/09/2011,388.86
01/10/2011,388.91
08/10/2011,388.74
15/10/2011,388.91
22/10/2011,389.09
29/10/2011,389.45
05/11/2011,389.64
12/11/2011,390.24
19/11/2011,390.44
26/11/2011,390.77
03/12/2011,391.08
10/12/2011,391.7
17/12/2011,392.24
24/12/2011,392.09
31/12/2011,392.26
07/01/2012,392.92
14/01/2012,393.61
21/01/2012,393.04
28/01/2012,393.03
04/02/2012,392.43
11/02/2012,393.45
18/02/2012,393.97
25/02/2012,393.62
03/03/2012,394.17
10/03/2012,393.38
17/03/2012,394.79
24/03/2012,395.15
31/03/2012,394.91
07/04/2012,396.45
14/04/2012,396.38
21/04/2012,396.56
28/04/2012,396.7
05/05/2012,397.08
12/05/2012,397.28
19/05/2012,396.56
26/05/2012,396.28
02/06/2012,396.03
09/06/2012,396.02
16/06/2012,395.86
23/06/2012,395.73
30/06/2012,395.41
07/07/2012,394.86
14/07/2012,394.59
21/07/2012,394.35
28/07/2012,393.6
04/08/2012,393.39
11/08/2012,392.93
18/08/2012,392.31
25/08/2012,391.7
01/09/2012,391.98
08/09/2012,391
15/09/2012,391.03
22/09/2012,391.02
29/09/2012,390.99
20/10/2012,391.29
27/10/2012,391.46
03/11/2012,391.76
10/11/2012,392.77
17/11/2012,393.42
24/11/2012,393.36
01/12/2012,393.61
08/12/2012,394.05
15/12/2012,394.46
22/12/2012,394.83
29/12/2012,394.62
05/01/2013,394.99
12/01/2013,395.57
19/01/2013,396.21
26/01/2013,395.64
02/02/2013,396.39
09/02/2013,396.46
16/02/2013,397.31
23/02/2013,396.88
02/03/2013,397.13
09/03/2013,396.64
16/03/2013,397.25
23/03/2013,397.21
30/03/2013,398.39
06/04/2013,398.05
13/04/2013,397.43
20/04/2013,398.76
27/04/2013,399.33
04/05/2013,399.64
11/05/2013,399.78
18/05/2013,400.04
25/05/2013,400.22
01/06/2013,399.43
08/06/2013,398.91
15/06/2013,398.58
22/06/2013,398.5
29/06/2013,398.65
06/07/2013,397.56
13/07/2013,397.48
20/07/2013,396.83
27/07/2013,396.98
03/08/2013,396.61
10/08/2013,395.55
17/08/2013,395.24
24/08/2013,394.73
31/08/2013,394.33
07/09/2013,393.52
14/09/2013,393.25
21/09/2013,393.53
28/09/2013,393.22
05/10/2013,393.47
12/10/2013,393.52
19/10/2013,393.93
26/10/2013,394.13
02/11/2013,394.39
09/11/2013,395.25
16/11/2013,394.85
23/11/2013,395.66
30/11/2013,396.06
07/12/2013,396.27
14/12/2013,396.52
21/12/2013,397.3
28/12/2013,397.59
04/01/2014,397.9
11/01/2014,397.82
18/01/2014,398.13
25/01/2014,397.75
01/02/2014,398.02
08/02/2014,397.98
15/02/2014,397.79
22/02/2014,398.24
01/03/2014,397.92
08/03/2014,398.88
15/03/2014,400.68
22/03/2014,399.62
29/03/2014,400.34
05/04/2014,401.32
12/04/2014,401.22
19/04/2014,401.29
26/04/2014,401.42
03/05/2014,401.74
10/05/2014,401.51
17/05/2014,402.18
24/05/2014,401.44
31/05/2014,402.12
07/06/2014,401.55
14/06/2014,401.31
21/06/2014,401.21
28/06/2014,400.57
05/07/2014,400.06
12/07/2014,399.58
19/07/2014,398.54
26/07/2014,397.86
02/08/2014,397.86
09/08/2014,397.45
16/08/2014,397.23
23/08/2014,396.75
30/08/2014,396.37
06/09/2014,396.35
13/09/2014,394.8
20/09/2014,395.32
27/09/2014,395.55
04/10/2014,395.57
11/10/2014,395.49
18/10/2014,395.72
25/10/2014,395.91
01/11/2014,396.52
08/11/2014,396.9
15/11/2014,397.34
22/11/2014,397.24
29/11/2014,398.1
06/12/2014,398.26
13/12/2014,398.92
20/12/2014,399.09
27/12/2014,399.01
03/01/2015,399.92
10/01/2015,399.86
17/01/2015,399.72
24/01/2015,399.98
31/01/2015,400.2
07/02/2015,400.02
14/02/2015,400.15
21/02/2015,400.36
28/02/2015,401.03
07/03/2015,401.63
14/03/2015,401.8
21/03/2015,400.79
28/03/2015,402.5
04/04/2015,402.74
11/04/2015,403.88
18/04/2015,403.8
25/04/2015,403.22
02/05/2015,404.07
09/05/2015,404.09
16/05/2015,404.31
23/05/2015,403.85
30/05/2015,403.81
06/06/2015,403.45
13/06/2015,402.72
20/06/2015,402.63
27/06/2015,402.36
04/07/2015,402.25
11/07/2015,401.71
18/07/2015,401.02
25/07/2015,401.3
01/08/2015,398.74
08/08/2015,399.21
15/08/2015,399.12
22/08/2015,399.03
29/08/2015,398.8
05/09/2015,398.16
12/09/2015,397.1
19/09/2015,397.57
26/09/2015,397.42
03/10/2015,397.74
10/10/2015,398.51
17/10/2015,398.61
24/10/2015,398.43
31/10/2015,398.87
07/11/2015,399.53
14/11/2015,400.75
21/11/2015,400.42
28/11/2015,400.83
05/12/2015,400.91
12/12/2015,402.4
19/12/2015,402.32
26/12/2015,402.01
02/01/2016,402.25
09/01/2016,402.23
16/01/2016,402.68
23/01/2016,403.26
30/01/2016,402.79
06/02/2016,404.98
13/02/2016,403.22
20/02/2016,404.59
27/02/2016,403.98
05/03/2016,403.99
12/03/2016,404.51
19/03/2016,405.01
26/03/2016,406.16
02/04/2016,405.7
09/04/2016,408.56
16/04/2016,408.16
23/04/2016,407.7
30/04/2016,407.84
07/05/2016,407.51
14/05/2016,407.54
21/05/2016,407.41
28/05/2016,407.92
04/06/2016,407.52
11/06/2016,406.99
18/06/2016,407.02
25/06/2016,406.4
02/07/2016,405.96
09/07/2016,404.93
16/07/2016,403.64
23/07/2016,403.71
30/07/2016,403.76
06/08/2016,403.22
13/08/2016,402.11
20/08/2016,401.78
27/08/2016,401.43
03/09/2016,401.27
10/09/2016,401.13
17/09/2016,401.25
24/09/2016,400.85
01/10/2016,400.82
08/10/2016,401.2
15/10/2016,401.7
22/10/2016,401.82
29/10/2016,402.38
05/11/2016,403.15
12/11/2016,403.12
19/11/2016,403.95
26/11/2016,404.44
03/12/2016,404.16
10/12/2016,404.28
17/12/2016,404.63
24/12/2016,404.66
31/12/2016,405.38
07/01/2017,405.94
14/01/2017,405.91
21/01/2017,406.37
28/01/2017,406.35
04/02/2017,406.2
11/02/2017,406.02
18/02/2017,406.17
25/02/2017,408.07
04/03/2017,407.06
11/03/2017,406.53
18/03/2017,406.73
25/03/2017,407.89
01/04/2017,408.66
08/04/2017,407.19
15/04/2017,409.12
22/04/2017,409.89
29/04/2017,409.04
06/05/2017,409.54
13/05/2017,409.83
20/05/2017,410.18
27/05/2017,409.88
03/06/2017,409.67
10/06/2017,409.62
17/06/2017,408.82
24/06/2017,408.43
01/07/2017,407.77
08/07/2017,407.68
15/07/2017,407.11
22/07/2017,406.76
29/07/2017,406.5
05/08/2017,405.93
12/08/2017,405.55
19/08/2017,404.81
26/08/2017,404.54
02/09/2017,404.1
09/09/2017,403.39
16/09/2017,403.44
23/09/2017,402.95
30/09/2017,402.73
07/10/2017,403.19
14/10/2017,403.6
21/10/2017,404.05
28/10/2017,404.25
04/11/2017,404.28